b3aa7efe-4458-4885-ab90-99a435a240ae	T1338908	EK8PK3YR	red		FJR1300A ABS	10
8976e334-e281-4efd-ae84-92171d53434b	T1338908	VHS1K3A	orange	BMW	X3	24
1efa2197-7394-488f-847f-d9b4e64d1bcb	T1338908	OEVB9O	green			2
ffd0f9d5-a6f2-47b8-8cf3-5b5819108be5	T1338908	AFPK054N	brown	SUBARU		5
8fc9c86b-e9dd-4bf5-a311-9aca848af440	B1154479	QQ2NS5	silver			27
d43cdd6d-e0c1-4f1e-a0da-897258321ee4	B1154479	LI16DH7J	orange			10
5005680f-24c7-48a5-9b4e-164b5716dc2e	B1154479	UWZIX69G	pink			3
6dec6bbd-f697-47a1-99fe-3d53624fea4b	T2064361	IPRFP9S	gray	VOLKSWAGEN	CRAFTER	21
271610c1-9db5-4283-89a3-c811895c4fde	T2064361	FTF6NJ8	pink		CRAFTER	20
5e20c957-2ab8-4d33-911f-730bdbff00b0	T2064361	QGHO6A	gray	HYUNDAI	ENTOURAGE	0
c921057c-3f05-457c-902e-d818013ca998	B0996881	1RXIV4	purple			24
23ef5561-839e-4623-81d8-41d32a74b90c	B0996881	KLJ4WCO	purple			8
07743c94-f5c9-4459-9db1-bd5e91a4d796	B0198179	MVV44C	blue			20
c71d4564-0992-4886-88f2-16c15fcc997d	B0198179	F26B46	blue			29
092e44b7-2ee2-4989-bad8-24060df81d2b	T5375990	QK31H5C	purple		FJR1300A ABS	22
981dc530-44f2-4d97-b488-1671a0dbfca2	T5375990	AVC2UIND	orange		700 DRAGON	1
76a990f1-f928-4706-977c-9717836a5887	T5375990	OJ577FS3	brown		CX50-SR	25
df107434-eb09-4202-b77a-efe15761b099	T5375990	NLFQG1	red			12
1ef7a52e-e645-4b00-93e6-dc21f10b394d	T9837801	MPP566	brown	YAMAHA		8
82a4e22e-d737-4450-95cc-fda236770e04	T9837801	CK8ETFZ	black	YAMAHA		23
017cc74e-6f18-4343-bf41-5c985a8e8f05	B4474430	MHMSCIZ	brown	FIAT		28
dd3a0936-1d71-4339-8448-42af47f8b6f1	B4474430	P1M4G6L	silver	ARCTIC CAT	400 4X4 AUTO TBX	18
91f390f4-fa06-4889-95c5-239244e831e1	B2066784	C4CDUFTA	pink	CHEVROLET		12
9b5c4b58-9c42-4665-bf3c-03a6357544ee	B2066784	J5GAJT	red	SKI-DOO	SUMMIT X E-TEC 800R 154	25
d23c7585-b322-41f3-beac-5015ca6425fc	B2066784	AJGSYKZE	silver		RC350	14
955d3078-2344-4519-acc3-85552b9b4ffc	T8805017	HIUJ02H	red	ARCTIC CAT		18
47206b6c-1192-4880-b01d-b8176673d42d	T8805017	KTGJ3GH	silver		700 DRAGON	14
0922d88d-e522-4d31-8d9a-6fce1d7cf46d	T8805017	RPE8GROZ	brown			7
eb34d8de-3e7d-423e-9e03-83d4b061c6ff	B6861205	73CEUXCJ	green	BOMBARDIER	OUTLANDER 400 HO 4X4	20
76628c4e-445d-4a87-8657-3d382138681b	B6861205	UGOOBUOE	green		SMM450F	22
feee7138-6a57-41f7-ae78-cd59909cca67	B6861205	S95PY8	blue		600 IQ LXT	27
6b08984b-a731-46f3-9485-39236223733d	B6861205	0MBOI6F	green	CHEVROLET	W4500 TILTMASTER	13
c7ed8888-5939-4c71-80d9-863f66bcf6f0	B1919113	5FVW8O	pink	YAMAHA		3
52e6ef74-150b-41d8-b882-c32691f28485	B1919113	2CP9JR	gray			26
c8c28cfe-eadf-4ef6-bb23-89d318bc2e3b	B1919113	48UGOW9O	purple		FORTE	26
5bbccb30-c124-4471-b64d-158c0d8f808d	B1919113	HEE70KMP	green	JEEP	PATRIOT	5
42c0d1c2-de60-4544-a953-1b87c344819d	B0587525	PD9BDO	purple			7
53ba140f-321e-4462-95a0-db97419b7333	B0587525	ZHS2B26	brown			3
916fb778-ba8f-4e6c-a1a4-cd1971ef7e0a	B0587525	GDXNM1	pink			13
9144a442-82d8-47f5-86ef-7aaad2376d22	B4358644	MRD15G4	brown			3
085e0518-2d75-4dd3-b8a1-18df0088ca76	B8856669	SXWFCK	orange			1
790f2b45-8612-444f-977b-ee96b232398b	T8911797	DI4ARXIP	red	SUBARU	IMPREZA	27
5f5c6553-4e8d-4654-8d37-10e627ebe3a5	T8911797	OOEPIHUU	black			10
d756b927-e0f0-4008-a4a9-94d79b48c6fb	T8911797	ATFDYAF7	silver			15
affee02e-7508-410c-9035-ddda2cf0c77d	T8911797	M2NLBU	blue			18
c766978e-7673-4d16-99a1-459dff2d10f4	B6739834	YGBJVS2Y	gray	SKI-DOO	MX Z 500 TRAIL	5
b4456f0d-7164-49a2-83d6-0e1e19929767	B6739834	I39DWX	gray	PETERBILT		21
f0c935a9-91c3-4637-bca5-013cf6b896c2	B6739834	ABZ19DE8	brown	LAND ROVER		15
929b4c7b-f270-4a23-a957-811d2fd02b45	B6739834	JOOTVGEA	gray	FIAT		20
c9628855-9f4e-45d6-9b1a-5a0669f6a8cb	B9955302	LQDYX8O8	purple		SKANDIC WT E-TEC 600 HO	21
ae6791cd-2b99-4363-8e26-6d3fab28efa9	T5939652	IUGZH6U	purple		SUMMIT X E-TEC 800R 154	2
9331653d-1b36-44b4-9b13-a85f21a44c4a	T2344225	HU8FK18Z	orange	ARCTIC CAT	BEARCAT 2000 LT	25
6fe243b3-8286-48b4-84de-33768a533a16	T2344225	2C6KHO7	brown			13
26fb0b0c-a0b5-46c3-bdcb-3eb2c0c28c41	T2344225	I5M383	green			0
65ed7ecc-6abd-4c97-a242-ca8002d61d66	T4818754	30LMWY	green	ARCTIC CAT	450 LTD	29
661e0f0e-ee10-4503-b766-ab44b2ca0644	T4818754	ETOCSE	silver			0
15ce0875-011a-464c-a11c-de7421b7a765	T4818754	XPA200G	red		BEARCAT 2000 LT	10
8da3b59e-633b-45fd-a4db-c6d18e09cb50	B6838488	OOR61T3C	silver	SEAT		1
f8cbb96e-1acb-41ba-b590-874c8992b691	B6838488	TET4DG	blue	MERCEDES-BENZ		20
3553f9c6-a972-4e19-818b-4ed47fa4d8ff	B6838488	W5X2KJ	purple			16
a08a6208-ebec-4b0a-9513-a64ba67a2cc7	B6838488	RH1E2AV	gray	ARCTIC CAT		28
eb23b938-8e6a-4b5e-9d0f-73e874a9b142	B2242653	OUS66N	pink		400 4X4 AUTO TBX	2
4c5632d4-af27-466d-98c5-6a57c7756900	T3771886	GXLS6O	black	HONDA		17
ad6b2d45-e2dd-4660-b4b4-aba94db7fad7	T5944102	K9YVX7	black			11
157706e6-3fdc-448e-b257-1e92168f1a46	T5944102	WXMDEUO	gray			25
17e16c8b-9da8-4780-b0a5-4369616ac44a	T5944102	D7IKQI	black		DORSODURO 750	4
e9b411e4-0623-478d-ac26-38acf6dfca85	B9715755	CCGCFS0G	gray	BOMBARDIER		19
f1925d87-ab34-46b9-ac58-c5d21cbd0fb2	B9715755	2JM3NW0	orange			16
5d8dab6a-cbac-48b6-9b8c-fe0eab38ca29	B9715755	NTPF6D2	silver	SUBARU	IMPREZA	4
4d60e385-64a5-4526-8352-3affc0078f90	B6248723	N82AGSU	pink			27
3b2208ea-dafc-4621-9674-d1dcf293373b	B6248723	D96IM7	orange	SKI-DOO	SKANDIC WT E-TEC 600 HO	12
c3bb526b-4305-48f2-a9d8-83ab308887f9	B6248723	1P16MU	green	APRILIA		13
47b0c1ec-8a32-4480-ba95-83c59bdd9bc7	B0851846	TYASLP3	black		SR50R FACTORY	17
36890dff-fbd5-45a6-b121-b721fdba579c	B0851846	AV1L3VE	green			12
70a35b53-d645-4a4b-b692-f3ff0d881247	B0851846	L5E80KST	purple	ARCTIC CAT	450 LTD	11
e94d1133-0a9f-4b25-9581-00fc6ecb68d7	B0851846	RY7TL86	blue	POLARIS	600 IQ LXT	26
974b3906-f67c-4ca4-a758-c48e156f4986	T1245718	NIEMRW	blue	SEAT		1
aacf490d-1f16-4d17-a633-1c8114f55a5e	T1245718	IOOMDLUW	green	HYUNDAI	ENTOURAGE	16
1a2a3a8e-e833-4ef3-bfe3-5f299c769b42	T1245718	C9PR1UQ	orange	FREIGHTLINER	MT45	11
15e8434a-9ad5-46cf-a3fa-103bc0b42d73	T1245718	WMCGZS5I	red	APRILIA	DORSODURO 750	12
90ba8806-f051-415a-8e36-839cd8cdd1ea	T2644047	RYY07EH	red		5	4
568cb2fb-8a8c-48fb-aeca-219c57367c2b	B4523959	VGTVCS	green	FIAT	500	14
b21b5c85-a660-4381-b6f3-eab6f35b811a	T1824874	YASU09O	green		400 4X4 AUTO TBX	3
fefe521b-7cd6-4af9-8053-d6348eed8385	T1824874	3XTRJK	gray			21
57d7e6de-52c9-4f13-8822-8acb8073d555	T1824874	5UXISWJZ	black			8
73bde28f-4e2a-492a-bae1-79a6f50e7942	T3124079	K23IUMJD	green	POLARIS		20
bba8aff1-8d96-4c7f-93d3-28fe9a51ca3f	T3124079	03ZKJ4PV	silver	POLARIS		27
ee8a8f00-b923-4990-b9f8-078eb990e0e2	T8978737	5333P0V	purple			11
237c3e70-6ea2-47c2-8471-f6f8401a272f	T8978737	AY2SGUH	orange		RANGE ROVER EVOQUE	16
4cd704db-f5fb-4202-b426-cced96e76c80	T8978737	WFYVERUZ	orange	ARCTIC CAT		13
66bbbc8b-b6f7-45b2-b1ee-1c3452e5614a	B6407972	G4SOBQ	gray	HONDA	TRX420TM FOURTRAX RANCHER	5
b87f8ddf-f9d8-4e54-a066-e4eb4b01edd1	T9977917	Z1WIT7MC	pink			3
d15ba370-8a61-4af5-8790-6de7671edfd3	B4499313	KP1I8D	black	NISSAN	SENTRA	7
6d1f7a3a-e4cd-4319-b552-51ecde6b51a5	B4499313	GPVC0IED	red			2
27b19b69-f43c-4f5a-a4c6-ed5a9a4f421e	B4499313	DVZLZC	purple		5	5
60431b9f-5510-41ef-a415-626dd7b9d906	B2400613	U4WARK	blue			27
bf212187-476c-47be-bbc9-a5c6e7f896fe	B2400613	QJZ5B7	red		PROCROSS F 1100 LXR	11
693eec18-6435-432e-b7af-e93ac96c677c	B2400613	GDUQH3FU	gray		MX Z 500 TRAIL	15
2d3c9506-f3b9-4a10-b3d5-6807288f8b61	B2400613	X58OM13R	gray	TM	SMM450F	21
e5a60020-43bc-4b3e-b1a9-ee3ccacdd37b	B6207347	6CISSZ	blue	HARLEY DAVIDSON	FXDL DYNA LOW RIDER	25
f3c10929-b832-4564-a0ed-3bc9be4e4deb	T3094431	RY4N3F	green			10
da90e6e4-789a-4a33-9aa6-1a0314a6af19	T3675947	MDMW6K	black		SENTRA	5
5e115b7f-e9b1-4598-bba4-84a9f9639bd0	T3675947	FVJ04M	purple			0
198fb083-07b6-4124-9426-694bbd565aea	T3675947	BWD2EWG	green	MOTOR COACH INDUSTRIES	102DL3	12
462c2c93-3335-4b7e-ae59-cad04357cf15	T3675947	N0PU17D7	purple		450 LTD	20
c0d3b07f-a14e-47d0-b816-a4e97764935e	B2933741	KGR9PXY	pink		IBIZA	20
27e7ee49-b713-4415-ba79-447a32d7c5a0	B2933741	1UROI0	black		FJR1300A ABS	7
727e2c02-6d84-40b6-8224-04ff717b0749	T1530707	VVACUMU	purple	YAMAHA	FJR1300A ABS	27
ded2df0c-42ab-40ab-917d-1aad6306dbe0	T1530707	BF5QFYT	gray	LEXUS	RC350	1
bffdd524-05ca-4f57-815b-c972cd4cd4ab	T1148324	QDUM6AV	green			19
20d2b212-32c0-4c46-bbe1-c5a618954c66	T1148324	TJQ74K8D	blue		RANGE ROVER SPORT	4
aa475d40-6f0f-441e-a273-22130451bd09	B3333884	KOE7Y3	red		CHU	2
0ebd989b-24d6-4a2d-9f7d-5c8af7c484dd	B3333884	E4WEQU	gray	KIA		19
fb64162f-1ca5-432c-ac3e-8df4ae1acb91	B3333884	XTTT9T5J	gray			1
a4c28928-0e4b-438e-b69b-587736f05fe7	B3333884	51NNBL	blue			14
52418cb6-ae7e-442e-8a04-6d4782dbf415	B8568594	TMBA3SV	purple	DODGE		15
25e2348a-b63a-49bc-9c6c-3e48efbe34cb	B8568594	FD060XW	silver			24
be39a68d-4dbf-419a-988d-fc7f208e278c	T5330027	TRFMXF2Z	green	ARCTIC CAT		6
84fa406b-ce2b-423b-bfca-442ee3a057b4	T5330027	ZI6PAL9S	gray			2
d328c471-df2b-4ac1-98e3-3a0c30022471	B7126565	6Q8D70E6	brown	SKI-DOO	SKANDIC WT E-TEC 600 HO	21
99086aab-cd05-4b90-911d-f3f9bd44fea7	B7126565	UDJ3AR	brown			19
29a55243-6197-48ba-a5af-e0fd879883f4	T0001374	R5PNNT6F	orange			12
2d4da6e0-4f07-48c2-b0e4-e4c58c95bff3	T0001374	OKZRU3CE	purple	COBRA	CX50-SR	14
4b29eda7-1aa1-4036-805a-089a5724d1a3	B4094147	I758R4W	green			8
07101092-7351-4db2-ab36-ce20527e9845	B4094147	1LWAG1L	blue			6
b41217b1-a590-4503-8100-5de51d71d33c	B4094147	RJMWQ5FN	gray	PETERBILT		15
432adfc9-91ea-447b-a817-381c1757f919	T2091828	XZ8SWN	orange		MT45	28
aabe65eb-7115-42d5-a00a-a90a9e655e78	T2091828	7MA2UF0	silver	AMERICAN IRONHORSE		12
b68f180a-53f8-429c-964a-5ad93952e0ff	T2091828	CIIOWEF	purple	DODGE		28
882a4968-1035-4edf-b51f-880400d4daf4	B0596765	GZQQH9	blue		RANGE ROVER EVOQUE	19
da288ccb-543d-4024-ae00-bf9d861b4490	B0596765	N3B9HDPW	purple	YAMAHA		7
dc5aaa16-f7b1-4830-a488-aa8862123caf	B1447720	742OVHDW	green			9
bad4af4d-f837-471d-b23a-b6346cd63361	T5089229	S820XZGI	red	LAND ROVER		29
f8d4b8c4-34c5-43fc-bfd5-a1529a28474f	B5898843	2Z73YX0S	purple		RC350	25
84405a46-cbf2-4106-a9bd-869f9082575e	B5898843	TM06EI	gray			15
f2787bc7-089a-485d-a360-702606ae2c01	B4549804	597GZ92	gray	ARCTIC CAT	450 LTD	13
4804a28f-856d-4bd5-9e64-5459eface4ba	B4549804	0JBCNLOC	blue			29
3a32f1e2-9e35-45d3-a543-443530d8c58e	B8612358	QK2K6J86	black	YAMAHA		28
df46da32-251c-4c45-b32b-a7d2645ba118	B8612358	M8JOHIS	purple	MERCEDES-BENZ	SPRINTER 2500	23
784bb709-2c48-42bb-82be-bb6bdff4b533	T3334317	ZOTCF6	red			18
4faca9e8-1c6d-4cc6-b5fa-56a25537cb88	T3334317	2L2Q3MH8	gray			4
42919a92-f146-46fc-96db-b690c1eb87dc	T3334317	6SCASJEA	green	PETERBILT		18
cf5aebb8-09d7-40d4-977a-cb60cdb2506b	T7185691	M2A80E	orange		400 4X4 AUTO TBX	6
b4713cae-25b1-44f8-87f8-56763aacfca3	T7185691	6ZI6HF9B	silver		SKANDIC WT E-TEC 600 HO	12
e1bc46a4-3413-4dca-86c9-dbf117b991e8	T7185691	4DXUSSBV	orange			11
39437052-f589-46b9-aacc-21d93643c274	B5240017	5YCNUY4I	green			28
b5acdb83-9305-4cc7-be67-a988b7e45f77	B5240017	SJRHK1	silver		TRX420TM FOURTRAX RANCHER	19
4d2983dd-b019-4cf2-bd9e-452038ba9ec2	B4746978	Q1B36E6K	green		FJR1300A ABS	28
cb18754a-6863-478e-91d9-4f78462c1066	B7877629	TOHNK8H	pink	YAMAHA		2
f53d7637-bb9e-4cb8-a25e-3bb5773d2de7	B7877629	1FPLCT	gray	MAZDA	5	26
5d13b930-b086-456c-a9fd-c7176830dfbb	B7877629	5CD2NKHI	purple		RAM 2500 VAN	23
cc5bb2d1-1fc3-4419-a5f8-699daf9ea8e0	B8029554	A06YCD	purple		CB250 NIGHTHAWK	21
cffe9499-77d7-41ab-8259-de970673f2ef	B8029554	POAKR0	purple	ARCTIC CAT		13
eed42657-f6c1-4c46-b822-3dfca7096316	B8029554	TRP5S5XD	brown			28
fc9f31e6-fb50-490f-8332-18c468090654	B8029554	PCDJJR	black			15
da64c226-4cec-4727-9488-87a67468bf1d	B1866070	UPOYIUF2	red	POLARIS		20
ef5b3b69-1dd1-4f8c-8031-c7f8124c9123	B1866070	MV4ZFTQS	gray			14
0c6f80b8-50f2-4aaa-bb4f-22b380462efc	B1866070	MZ4ISV	gray	HARLEY DAVIDSON	FXDL DYNA LOW RIDER	7
2c9e6bc3-368c-41f6-8e6a-6f5840314741	B1866070	Q7B5QJZ6	green			14
f07251d1-3b51-4b1f-8c02-7f0015f83d51	T6418146	P2UAVOA9	silver		XVS650 V STAR CUSTOM	12
2837746b-ea6e-4059-855f-ad89b579a081	T6418146	2XT2LK3	gray		IMPREZA	18
508d2eef-4247-412f-8b3a-303eb5a633bb	T6418146	TK3IRR2	pink	ARCTIC CAT		25
7ae4bf8b-7bca-4b52-82fe-a77fff95ff75	T6418146	LGM1BC8R	silver	ARCTIC CAT		29
3fe9c0a4-1514-4ccf-9ec0-ee3cc412fb2a	T7067409	LH4KUJE9	brown			16
715dde6a-c65b-438a-847e-383f696944a2	T7067409	NKY7HO0E	pink	MOTOR COACH INDUSTRIES	102DL3	23
37c1198a-4e52-41ca-b817-ad4a4043b780	T7067409	JWDD7YIC	pink			6
cb562dae-47a2-43ea-922a-fc1640580e66	B7744415	ELDP7L	brown			4
7b8a1741-9f83-4241-abdb-bfda378c1440	B7744415	5BMSB2H	red			26
54f1c04f-c51e-48ae-854c-6bc88451e97b	B0328707	4J26W4M	gray		IMPREZA	29
18c55600-246a-4703-8f93-1bc3e726d02d	B0328707	ZQV9IFTH	pink			13
cd9d0447-721c-4d4b-8c1d-2d40cd620329	B0328707	CYBGFO	gray			5
1f869ae3-cbb3-4083-ae27-0020f5079805	B5431870	G0U6CYQN	red		SUMMIT X E-TEC 800R 154	10
a09475e8-adeb-48c4-840c-a1bda51c8a68	B5431870	PMUBZ7ST	silver		362	16
68d78d6b-5b73-45ee-8ecc-d313563944a9	B5431870	VGVRFRLO	red			9
45d2ac34-b57c-456e-8aac-601c30bd45a6	B5431870	U0X9KS5	brown	DODGE		22
a013b01a-a27f-4211-8926-ed7656be7d7c	B0682179	C4SJWJI	gray			7
ba8b9e24-f6ae-44d3-abd8-1d02393256bb	B0682179	5UY9KZ	red	LEXUS	RC350	2
9ef98149-b6e9-4969-90ea-4f756287790c	B9372595	V67M59	orange		TRAIL RMK	3
2af66958-444c-4f95-b1e5-a9a59bf56d69	B9372595	H7UBS7D	gray			12
3a131706-67ef-46e5-8b26-a3cd3d9b7879	B9372595	28YCOZH7	orange		SUMMIT X E-TEC 800R 154	23
d95b09e1-e810-4d27-a136-b2f8bfe4bbe3	B9372595	U5PJA8	silver	POLARIS		29
03d3b2cf-389b-4e7b-aa05-263f619994f1	T9427100	PABTWK	gray	MOTOR COACH INDUSTRIES	102DL3	5
92176221-a996-4790-b630-4178e43317e5	T9427100	KHVTIW	green		X3	4
92a6c81b-6ab7-4e03-bdf5-343d8a4bf19b	T9427100	R9DNBZ	brown		VMX1200 V-MAX	25
32c6e8e6-db09-4e3e-bbab-efbc14f3ca68	B4970383	QQ5K39EI	black	PETERBILT		29
377f1fb5-5af4-4d54-85fd-83f40315fa19	B5021192	SRZLK5I	red			4
ae3f0d2e-c3a1-43af-8cf4-ea4781a5c9e6	B5021192	FD1JOVH	brown	MAZDA		24
9dac998c-1ae8-45df-9fcc-47d507fcbc4c	T8485070	6UVKZF5I	red	FREIGHTLINER	MT45	4
a94caf83-8172-48e7-b14e-d0294c8ace8c	T8485070	3JYEFZF0	orange			12
91253174-8814-43aa-ab85-1f641ecceddd	T3542365	NJH5HF	orange		SR50R FACTORY	14
993fa07a-fc31-4dc0-88d9-89402058d194	T3542365	04ZSI0P	silver	SKI-DOO		3
2640d5a8-d9ee-42b2-b538-2521ba4c64c8	T3542365	5V4BRY	orange	LAND ROVER	RANGE ROVER SPORT	6
b6a4c258-c7d1-4031-bad8-6c9ab50f818e	B7495688	I95Q9L	red	SKI-DOO		7
e11ebfc7-8543-4218-994e-98d9231a5cfb	T8135283	DZWGWI2C	black	DODGE		22
3b2e3e47-f4f2-468a-bee2-5777c783d405	T8592775	2KOU10	blue	MACK		14
be362d8e-f9b2-486c-93bb-b32d244fa76c	T8592775	8IHK2IZW	purple		ENTOURAGE	24
58da6c7d-c901-4a65-a145-d553e34200a4	T8592775	G5L19I	black		OUTLANDER 400 HO 4X4	22
f0c454c1-2fc9-4a80-b183-5955e3773006	T8592775	V7UN5Q	red		XVZ1300TFS ROYAL STAR VENTURE S	1
f4070a19-5c92-40bf-82a9-04257d225c83	B4922240	J1Q7N96	brown	DODGE		27
0d65af9f-0fa5-460d-806f-872552c1367d	B4922240	1MF7CC	green	KAWASAKI	KX250	20
56601afc-17ec-4119-9198-87c51e963bfc	B4922240	K6XS9W72	black		PROCROSS F 1100 LXR	29
19a8f580-8fb7-4e04-a8ac-16fbaf853087	B9679484	CU0CUIY	purple		SPRINTER 2500	13
361cab5b-a507-47dc-9cca-ad6c0b23cf65	B9679484	JW0ZXS7	black	DODGE	RAM 2500 VAN	29
06cccc09-9486-413d-a062-840b842406fa	B9679484	XZ3TE7	blue	ARCTIC CAT	PROCROSS F 1100 LXR	9
4bf693dd-4464-4140-aaf9-1ea2793998cd	T6323625	FFP4OA	silver	SEAT	IBIZA	2
6930fa50-65a2-415a-b085-cfa206aab5e6	T6323625	RNHGOA0	silver			9
b94a9bd6-569d-4e99-96f1-71faea2a145e	T6323625	FH22P31Z	gray			11
01935bb0-a8f0-4064-8a44-19a67cff3c66	B6945296	FL9BBJ	orange			27
0c261ad2-f16b-4a27-806c-05bc51c09568	B6945296	ONZ37CJK	purple	YAMAHA		11
6c9f704d-e7b6-4826-b3d6-730b29596ecf	B2182653	NF34C5	purple	YAMAHA		25
ad3de42a-fd1d-49b7-8cd3-629819f0b022	T4886332	QCZGR8UR	brown	SKI-DOO	SUMMIT X E-TEC 800R 154	1
be1ed958-5977-4465-a3a1-55b3c55fd140	T3210703	EFB2KQ7N	pink		SKANDIC WT E-TEC 600 HO	22
6ebaf4e6-1479-4673-a8c2-06b13e24718a	T9986647	XZO8IEZ	black		MT45	27
7c503093-24f6-495c-8651-4738fecd09a4	T9986647	2NBIM1C	silver			11
d1a900ad-66e5-475c-acec-3ce138631da6	T9986647	BRW1920	silver	LAND ROVER		16
b37ddbb2-c2c5-4869-8769-767b490cd091	B6929055	XNGL9XX	blue		CX50-SR	29
fffc4393-a86c-411b-b7c6-4de0e7b7bd78	B6929055	2MNWFFVX	blue			11
3788f842-9e74-415a-a29a-7b3e5d8bd160	B6929055	1R0DAX1	black	APRILIA		2
0a4bf68a-7f06-44ce-a5e9-d5e9074c241b	B6929055	VF3Z2VFZ	black		CB250 NIGHTHAWK	4
07a13537-4d1a-4c22-8138-927a0d3a19b4	B5549041	2203XI	gray			9
13f1471a-fd01-4f8b-b7f8-d1fd755acea0	B5549041	K9K97P	red		SKANDIC WT E-TEC 600 HO	22
7bea6f71-3579-40ce-95c0-1473809126fd	B5549041	9P7GTZLP	orange	COBRA	CX50-SR	0
c290eedd-4295-4dd1-b3cb-d599b7b90fe1	B3990178	FJXCP4D	gray	VICTORY		2
39a1275e-260b-4808-ac96-4d3286453d54	B3990178	GTEASY82	black	MACK		24
b6434fe0-e448-44c8-b261-1af24caa5064	B3990178	KMUGH6K	blue			27
c06ac43e-4990-4909-9cae-ebe10f72915f	T9376313	ZOVRFUPC	pink		RC350	16
442acda0-2443-46c5-b1ff-b7d637af80e5	T9376313	U2068PN	pink			12
b3f75a73-e141-4b38-a154-4b77228770bf	T0017692	PTBL93X3	silver		FJR1300A ABS	7
1265d3db-c59f-4154-a540-f2f3fd45babb	T0017692	XCCH4KI	pink	AUDI	A4	27
f0b180c6-d4b1-4347-a4f8-7dc6797a03e9	T0017692	8D3T8M	pink	VICTORY		6
9d2c98bd-15bd-4b80-af0d-ce9da002cb32	T0017692	8273V9	blue	NISSAN	SENTRA	14
d6b59f76-11d9-4b67-b850-ecafdc122345	B1623092	0UE4TV	red		IMPREZA	25
18a3bd3e-8a8c-4043-858d-a4f0d783689e	B1623092	458RDH	brown	VOLKSWAGEN	CRAFTER	17
dbc78abf-96f3-4033-8145-207395db0191	B1623092	Q5BJZX	gray			24
d8ae4369-3fe7-4fbf-af84-4f80f871d3da	B1623092	WOCAR5C	silver	SUBARU		22
36436e9e-0f68-4481-88df-593d22f7596b	B5413981	GRW9ZIS	purple	LEXUS		23
17358645-68bf-411c-8e63-803290692bb6	B5413981	O3B69B	orange	TM	SMM450F	27
68e28ac8-1f21-4e82-be4e-7c552ec7f4be	B5413981	4EMK8QS	silver	YAMAHA		14
5afc5811-2d6e-455d-b748-df48d89c4d9e	B7757601	3GJNI88	black		CHU	11
67e12fb5-8379-4eb9-b79d-44a386047a3d	B7757601	RZV8FWYZ	red		387	5
2b1ffab9-b017-44c5-9441-55527d85d5ef	B7757601	G90L390	blue	PETERBILT		26
419ddd26-b8fd-4103-a6e6-e21744a8d8ce	T5848592	1495WSZ	orange			29
8a1eef86-c62a-4a3c-a568-b2d4b6da1ffb	T5848592	U2QKJIC	gray	HONDA	CB250 NIGHTHAWK	17
6f2176ab-1c21-4b1a-afe6-d5c3ee918bda	T5848592	4CD8NGE	red	LEXUS	RC350	7
5e561760-d56e-464b-9f3d-566a0a8ab576	T5848592	J0RE82	blue	SEAT		17
741f3b6d-1aa1-483d-afba-b83fa81b610a	B8910794	90N727V	silver	SKI-DOO	MX Z 500 TRAIL	17
efae437b-f337-4d3f-b996-d6f83210a8a9	B8910794	T7JO19	red	HONDA	TRX420TM FOURTRAX RANCHER	6
ce5cd22b-ed77-4c49-a5c6-7d9dff3453bd	B8910794	N8M04DAM	brown	COBRA		8
9a3cac8f-a1ae-4d60-828b-acd682312c02	B8910794	ICKK3F	purple			8
43cd2dd8-583d-4784-83ce-3d1a4303a629	B4690647	HITZGU3C	green	BOMBARDIER		15
ff1c65f4-e36c-4197-9cf5-eae57c3b5b1e	B4690647	T3D2WF	blue			20
73d4e220-f02d-4b41-acbe-d1bda815d91c	T6015550	JEP4GT	pink	SKI-DOO	MX Z 500 TRAIL	2
c0ce5187-4c5a-47d0-a3b9-f636711e464e	T6015550	Z3HVI7	silver	MOTOR COACH INDUSTRIES		13
4380fcd2-6c70-4652-816a-1579d59ebc89	B6297128	SXP5MO	brown	COBRA		1
ee985b8a-4503-4020-9bf1-a329ebd65ae2	B6297128	S6IJAJ4	purple			8
18d11790-b8fa-4ea6-a281-a8a1ef9e1d73	T0677468	DOJBWNDY	orange	POLARIS		16
2d05c525-458a-4da8-b38c-2ac4c452cd81	T0677468	CN8A0XFM	black	MACK	CHU	22
41043ea4-17b5-43cb-88c0-a6d1959e4b6d	T0677468	FCUYIWR	orange	LAND ROVER	RANGE ROVER SPORT	0
e86f6e72-e0e3-4dd9-bac0-247a7eaa4fa1	T0677468	I5SUF3	purple			1
428a7af5-311e-4dd3-8c2f-f37a91886e56	B7094522	47RUP4	orange	PETERBILT	362	16
a423db74-874b-4078-8d20-3d8c4086a524	B7094522	JLJWYK	pink	APRILIA		2
86138221-1b70-4d6e-a7db-a81d19dd7832	B7094522	YS72A2D	purple	PETERBILT	362	18
e7b8fde2-1f21-4672-8462-73e5e49b1794	T3502323	X0VQWNTK	brown		MT45	11
874f0adc-78df-4c8c-b32e-92992e36e192	T5038952	PAHSLEG	purple		W4500 TILTMASTER	6
3eb4015a-0fe7-4792-8d33-5cd60861a95e	T5038952	18DL4QY	orange		MX Z 500 TRAIL	27
7f0b1f3c-8544-42ca-b953-60f74789e887	T5038952	1YR409NZ	blue	HONDA		25
81343a28-1e01-48d2-b164-ee393fba7437	T5038952	QIW7DX	pink			23
21e51ade-41f9-4ba5-8d5d-c32e5b56ac78	T8533441	F1RQ08	black	DODGE	RAM 2500 VAN	13
c057d21d-2387-4031-9cd9-fbcb3e0eee06	T8533441	M02W02MG	brown	ARCTIC CAT		14
1708205b-db67-43e2-89a0-a5c473dc25cb	T8533441	VF7HG9	red	COBRA	CX50-SR	14
09ccf43f-b6ca-48ec-99c8-cfb2c641df76	B6406142	9TL1V6E	purple		SR50R FACTORY	20
fa721f51-4706-4b94-a06e-e702713021cf	B6406142	CK6W0N	gray			7
92703cbf-71a1-4f38-b819-cb4e8cb2d952	T4830305	92QMN8XQ	pink	MACK	CHU	20
4989404d-ca4d-481f-bdc4-d63a9e011cc8	B3995526	FNOM7G	silver	FREIGHTLINER		5
2fc51c77-af1a-4f06-bd0e-aa96ec51fd2c	B3995526	J8A2RD	blue	POLARIS		8
ef3cd154-64ad-40db-b2cc-dda7dffbb132	T6330734	QBEE1NC8	blue	NISSAN	SENTRA	6
8ae4891b-34bf-4044-8a8b-5d59f52bfe3e	T6381813	6TMJIMV	green		BEARCAT 2000 LT	4
cd4e858d-92c1-4844-9f0f-b282ea279c99	T6381813	M18AA6Q	pink			23
9d6b0276-63e4-4812-aa2a-4f3659c8f682	B5420984	7JEXTLO2	purple			27
5786894e-394c-4ba3-a402-0a1b6a1c4810	B5420984	3IATRQAS	green	APRILIA		21
321c252e-f36c-4ba7-9ae9-7bccc32ce666	B8576777	TVOQWKTZ	silver		KX250	10
ba989249-84a7-456e-9376-711a9acd270d	B8576777	H8IABX7L	green		SENTRA	15
97580483-264d-47a5-9493-145695bfe9e6	B8576777	8XOIC9	black			7
8d7a05ba-8519-49d9-9d15-b1a4606612a0	B7980431	9B88TU	black			6
5ff16155-847e-4113-8ff7-7c0ceaeb9868	B7980431	719ZNNDO	purple	LAND ROVER		5
0f918f7c-450c-49af-96b9-c96c096949b1	B0207182	S5ZR9L	blue			14
42b08498-69a4-4954-bb35-d734edd4caac	B0207182	T8F2D05	pink			28
800e1227-8de7-4b1a-84e6-a5f3bdc863ca	B3252809	AR2OP331	purple		SENTRA	14
6f02b934-8ed5-457b-bc94-c8eacfd59b84	B3252809	HYOMYUXK	brown	ARCTIC CAT	BEARCAT 2000 LT	25
e181e4c5-f87a-40ea-8931-98ec355ca2bb	B3252809	UGUCQRL9	red		RANGE ROVER SPORT	1
ba724eed-f930-4ddf-bd4e-70fab2c0d62e	B3252809	SWP87EF	blue			17
26f76ba5-6b6d-4fc5-a177-f6567f319542	T6856424	YKV52K	brown	SKI-DOO		20
2441c9c6-6893-4a01-b789-ac1a025134c1	T6856424	UZV77K6	green	SEAT		0
7654fb94-b395-4610-ac14-f9ec40eebe46	T6856424	XFNHDVD	silver		FXDL DYNA LOW RIDER	10
23fee25c-6e59-47c4-890a-6aeb2823acf6	T9734285	WGSERFC8	silver			16
f45a8ddb-81dc-4a19-837d-3e99421bade1	T9734285	W35UB2	green			28
905c8635-cfbb-4860-b1bf-9059d1454a36	T9734285	IUGXV8	blue	LAND ROVER	RANGE ROVER EVOQUE	24
2009fb57-c3b0-4dbe-98e6-3b5cdfd43470	T9734285	Y38EPPL4	silver	BUICK		21
d9e8d803-a0a0-45de-9647-6b0b6281d134	T4908363	1OZE2D	red		MT45	21
613c0757-63b7-4d9a-aefb-0d323943c17b	B9257940	IBK25P	orange			17
f30c7015-21b4-4926-abef-6d83ebf74f6b	B9257940	5ZFV2SOU	brown			2
3ab9d0cd-cb7f-4b6d-bb91-10b5a2254fb0	B9257940	HAWJ9P3	orange			3
0512094e-f42a-408b-8931-cb9b365b8426	B9257940	B2C2P0X	blue	PETERBILT		4
2b778355-15f5-4651-8f0a-5706e52af305	T5769217	1X02MW	gray		XVZ1300TFS ROYAL STAR VENTURE S	22
982a2379-64be-4ce4-a550-84d6c6698f02	T5769217	W8XTQA	green			18
2ac66194-7bf7-4eb0-bb1f-3adc2a30d2df	T5769217	4KRG9Z	silver	BUICK		19
262eb752-8338-46af-afbd-b6d2240a330a	T7156631	KG1OX5W4	brown		CRAFTER	5
dab2d9b9-3184-4ef8-9968-941c25176cee	T7156631	XV5KE4	gray	KAWASAKI	KX250	7
cbab4cd4-f021-4d61-8bc4-9a92838d18a6	T7156631	FX2LILZP	orange		BEARCAT 2000 LT	14
95d4357e-6faf-4659-b60b-400da79d5e31	B9359318	AO81YCSV	orange	LEXUS		16
486d8d32-4cb5-4031-91ff-a9598b9c8d85	T5596881	H3F9VQZR	silver	YAMAHA		7
bb8ff5f2-f8e9-4e15-8d23-a0b73f563df6	T5596881	EC0SXMQ	gray			18
9eab3d7c-c8ff-4e9d-981a-4e0905ba93ce	T5596881	KRIEDP4E	gray	FREIGHTLINER	MT45	23
dcd7a13b-17c4-4cf2-99f6-cfc7c9760a39	T5596881	WO35YME	orange		XVZ1300TFS ROYAL STAR VENTURE S	26
2d51437b-dd7d-42ba-8117-7f752cb957d0	T9901664	P8CVR0	red		450 LTD	13
0c4341aa-6bff-4bc5-b470-282c940dd488	T9901664	PUN9W1W	gray	SUBARU	IMPREZA	26
6685a42d-ed8c-4af7-bf61-acdf2ed0dbcc	B5342722	9OIDI6DM	gray	BUICK	REGAL	25
1a5b0dcb-a1f9-43d1-ba6d-41292c4ee82a	B5342722	R508PPK6	blue			28
4c4b93b4-479d-4363-a92d-5e654baefbb8	B5342722	0K8BR4F4	gray	POLARIS		9
77236299-1856-4e1a-8d05-7729c5b6fc92	B5342722	GM7F1T8Q	blue	POLARIS	TRAIL RMK	9
48be61cc-d27a-49d8-8a00-d34d256ac26f	B6788415	RVLLZM	silver	HONDA		2
80ac7960-8ac0-4f4f-80b6-f4b37fcea33e	B6788415	KNT5RL05	purple	ARCTIC CAT		29
c4735a2d-acc8-459a-8002-3b2bba677275	B6788415	W9VLE60T	brown	BMW		8
7885c862-fe07-46d9-a295-dc8c0bc7266d	B6788415	KPGGTTKY	purple		DORSODURO 750	18
5fb5773c-c59c-4f35-9bed-6ccc56deead0	B5443944	GT6R0V	blue	PETERBILT		4
f321de42-d902-44da-b95c-60bafa31c4f1	B7679987	TWGZSURH	brown		SMM450F	7
cf943352-2e64-4863-b27c-ee0652886f82	B7679987	A5J1BGV4	blue			18
8b6fd72d-d25d-47df-bc62-f1432b396354	T7080893	3BT77I0	brown	COBRA	CX50-SR	27
3a499aa4-c5ab-44a4-9a07-231935620738	T7080893	4NAA1OW	red	PETERBILT	362	27
daee3c62-545d-440a-963e-f05906491da3	T7080893	QQRSLY	silver	SUBARU	IMPREZA	10
96d96a8b-55bd-4483-8a7b-a81544c0be44	T8396315	U6KLN5	silver		FORTE	15
e6dc4d06-dba3-4c39-98ba-f70c206e0281	T8396315	EXHHT4	orange	ARCTIC CAT	BEARCAT 2000 LT	16
644daf73-c322-450b-b75d-84d9d18575f9	T5377043	IY4T8N56	black		IBIZA	4
cecdccfe-c1e0-4edb-a8ea-7d85626424fd	T8886992	RFB5U76Q	silver	PETERBILT	362	22
5b4d9268-ad5f-4ca4-924e-4e2a52381a07	T8886992	ID1JBS	purple		CX50-SR	4
1839ea1a-e707-4bb9-a205-1cd9bf7077ea	T8886992	93I0ZZ	orange	MACK		15
2344e266-1b72-4373-9bc2-8648a44bfb90	B0455096	XLZVRQT	blue		SMM450F	26
18a81f06-c31d-442e-9038-25adb84e6b3d	T1882603	UA3TZ6B	purple	FIAT	500	8
a10cf6ef-7a6d-4e2f-bbc4-fa8cd48803de	T1882603	357UVQV3	brown	BOMBARDIER		18
cbf6adad-df4c-44c1-bf47-776d0f184b00	T1882603	E2983Y	brown			5
9e369de9-2f2f-409e-bf44-f777e888fb62	B4214367	0OKOBD	gray		500	27
b38ff3a7-f38f-4b79-b0f9-a60af3d86c21	B4214367	J04C9F	orange			20
bbf4b33b-ca9f-4cb5-ad45-8ec18acb0e91	B4214367	OZ6VN4	green		700 DRAGON	0
ff71d347-37fe-428a-976b-b096dea38b81	B4214367	PBL9TEF1	pink		SKANDIC WT E-TEC 600 HO	11
d894ed6b-ffb0-4c39-ad7b-95bba6f51d5e	B1479459	J9NVU8L	brown		CRAFTER	12
82dfa852-8f7a-4a89-94a0-df10425aaab0	B1479459	3JXJTO	red		SKANDIC WT E-TEC 600 HO	14
f36640de-ef25-412b-88df-99b673a99519	B1479459	KE5AQVQ	gray			0
fdb73b40-10c5-41ba-a776-9e0e4009ab2b	B5632641	M7E0VQ	green	SKI-DOO	MX Z 500 TRAIL	17
2300a017-6c45-4a38-83c3-b0467599b93f	B5632641	14JPMN1	silver	SKI-DOO	MX Z 500 TRAIL	5
613e7ad1-68f9-4ecc-bb18-d93a3165cd88	B5632641	07XWYGHX	purple		387	12
b754b384-601a-4c9d-86a5-59f149d00d8a	B9524921	6XF4VQWZ	brown			9
ed4f2ee7-168a-4f35-8d93-71436518e2fe	B9524921	BX8XI0	red	APRILIA	DORSODURO 750	24
34e0947c-9611-4236-a1a1-26297e149866	B1009236	ZQOQ6GU	green		IMPREZA	24
b6d5d886-fbf2-462e-adf7-743471a361df	B1009236	J76I81A	blue		SMM450F	23
99071db4-e442-4f72-9c88-2d02ace13d9c	B1009236	V5VL54E	pink	COBRA	CX50-SR	24
b2461100-1576-46cb-a531-6718f1ca4db7	B6048296	ZP3I6GSR	black		362	22
ecf90354-d0a2-4dbf-99b7-1ccfe56e2656	B6048296	46DQPKRQ	purple	SKI-DOO	SUMMIT X E-TEC 800R 154	15
faab92a5-809f-41b4-a5c2-b5382e12aadb	B6048296	YQVLAN	blue			17
60320a45-5da7-4e0a-b9b8-9c23ab6e1d05	B6048296	1MTIH3JO	silver		RAM 2500 VAN	21
a999ec17-8322-4c40-932e-b782156fe53f	T5131014	64FKUZQD	red	DODGE	RAM 2500 VAN	23
71c16134-7312-4a65-9649-bc0b7bf6a6bb	T5131014	2BH7GNI	brown		KX250	26
0a2142d9-b68f-4d16-90f2-ba512f510c7f	T5131014	5Z9MA3	green		387	4
2e386be0-c3d1-4cf9-b4de-18358adbca0e	B6139076	OYG1RU	red	LEXUS	RC350	0
ea05fc28-dc05-43be-b819-6269536aa07d	B7949268	U76ARJ	brown			11
54b8f80d-8eb9-4e2a-a33b-63d053058035	B7949268	PO9JG7	black	ARCTIC CAT		11
4e8ee419-b5ee-4ece-9ae1-fa676f2859d6	T0902459	A89C9DQ	brown			18
561a4979-8bf4-48d0-aec7-5ec5dec6f97b	T0902459	D0XM0KM	black	YAMAHA		23
057a4b1e-b8b5-4ca9-9cc0-2c8a73ed9190	T0902459	P248JZLM	silver		MT45	9
957acba8-cf9f-4752-9747-844bea617fe3	T0902459	C1EZUMR	brown		FJR1300A ABS	9
4dc9d2f4-6e4c-4007-ab88-c1dcedc2aa62	B9325161	MS9KWOHD	orange	MACK	CHU	2
6800d33c-c91a-4c9e-8a3d-8ab0b568937e	T0248284	A8JKWDKX	gray			21
28756187-224d-41a9-a082-a1064c45893d	T0248284	KCPUGL	orange			11
4e542f2a-b083-4c7c-ac84-56f76bbfcac5	T0248284	0B16F6N	brown	HARLEY DAVIDSON	FXDL DYNA LOW RIDER	10
1161f897-351e-44e2-abe8-90425cf55c6e	B7986002	WARTKXOA	purple		SPRINTER 2500	12
7c0f20ad-d7f3-4a0d-b5c1-db5a21c7c989	B7986002	C19T44	black	KAWASAKI		13
d2d86375-6320-46aa-80fd-52062ef49eb1	B7986002	Y3LBSQK	gray			6
f092f82f-04e3-4524-8b90-39a50e4bdd98	B7986002	WELHZNVO	silver	BMW		5
09239e6f-bb58-4f27-b5c1-45ccd67cc00d	T8561880	328740HG	red		SLAMMER	16
2175fb36-9abe-4c1c-972f-f387ea932381	T8561880	HPRFZZCX	silver			0
2dc14bb0-8851-400a-b18a-070ef2bb6a1b	T9200706	JVUB1D1T	gray	MERCEDES-BENZ		11
5b5a2bca-07a6-4b80-a408-6c80307580c5	T9200706	JJ2II1M	red	MERCEDES-BENZ		12
a9eb5e70-c5f6-4226-bc8e-902b7edf6a6f	T9200706	2GHZBU	purple	DODGE	RAM 2500 VAN	26
2487626f-1ca2-4aad-9188-ee71219c202f	T9200706	4VVFLZP	black	HONDA	TRX420TM FOURTRAX RANCHER	18
a024500a-b091-40f1-a853-0bd7a025c16d	B5980300	0012LS	green			19
ea668573-f467-479d-b6ff-1670bcf5f28c	B5980300	Z68N0F	gray	ARCTIC CAT		11
5a2088f1-9b5d-4107-bd85-a20a30b9dbb3	B5980300	69WSC0P	orange			22
4f2bc537-d32e-4581-a56c-3cebdede9a82	T1737840	ZKXWZDF	pink		102DL3	5
cd583b67-3ac9-4430-b986-328aedb6f779	T1737840	AIZS3QK	green	HONDA		17
d2902309-1daf-4fc6-b28f-39c22fe9ea66	B1934844	WY5JUZ	red		FXDL DYNA LOW RIDER	10
e61eb619-a8ae-44aa-9c76-565fbf8d1554	T2690520	IQT8091W	red		FXDL DYNA LOW RIDER	7
37d79db4-c228-4099-bb0a-6504d33ddbeb	B9008145	MVPRCESA	red	YAMAHA		29
9acc2f5a-f495-4f1b-9595-70b0ed810234	B9008145	BDV7CCU2	blue	BMW		11
fc73887e-0cc7-4fcc-8ce1-b5857448ec07	B9008145	SE5L28	red			3
4bc3d9d9-1691-4f59-adaf-4554a42162a4	B3989610	0QPBA4LK	black		750I	7
3eddeb52-d436-4df0-80d9-3f303060cfae	B3989610	Y9PRJE	red			1
60252932-79b6-4638-a227-5baf05d69179	B3989610	Y9XFVD3V	green			0
6e513788-d00f-47ab-805d-05f76b89883e	B3989610	QOWS8AM	red		387	8
19937ae9-2c8c-4f10-9b86-d063ced41d2a	T1863328	QZSKR72	gray	POLARIS		23
86233298-5d28-4b1f-b9f1-982ca62665b9	T1863328	7COLWB2D	red	KIA	FORTE	16
6b2cf953-2bd7-43bb-a481-54e880ef16c9	B5160910	4T1MOT	purple			11
22ec5750-6132-4991-8429-584ecb7450f9	B5160910	ATY6AQQ	pink	JEEP	PATRIOT	23
ac482370-4062-42e8-a849-136e8364c16a	B5160910	XUUPVK	pink			14
9fa31de6-c09a-4ed5-9f1d-26fb57780c65	B3393458	22RUEZ7	silver	AUDI	A4	28
b09d0f44-874c-4a8e-8534-9825f7a20120	B3393458	QJQ8OG	blue	PETERBILT	362	23
84e94763-abb5-441a-8cbc-b49980851f1b	B8443850	L84UHJ	green	ARCTIC CAT	BEARCAT 2000 LT	23
4b049e2f-4aa7-47c8-82ce-c6649b863944	B8443850	QLRL0N	gray		PATRIOT	23
ac927da7-c16e-41ab-8cba-ececa20076d2	T6232528	9N4MQAL	silver	POLARIS		0
2c89ca71-0b0a-4936-a31e-95466b73f8dd	B9037942	FVKY4SA	blue	YAMAHA		8
f1803b3e-3ce9-422b-9dc0-6025039cef85	B9037942	8RVRSTHF	pink		450 LTD	21
08eca946-0292-4aa2-88df-60802a3cd575	B9037942	H608RCC	blue			8
fdd9c263-c70a-40c5-a26b-2e1b26259c25	T4252008	ITY7RR	green	VOLKSWAGEN		8
f867c186-8371-4179-b2fd-3231da5e1572	T4252008	R51AGYOO	pink	HONDA		18
411b558b-2d6f-4d2a-82be-b96fc6962a24	B9667754	WK9AFAWT	gray		OUTLANDER 400 HO 4X4	24
d04e6092-46f5-42f0-b08b-2b9e30f024ed	B9667754	NZMVRQBJ	silver	LAND ROVER	RANGE ROVER SPORT	1
b8aae534-9fec-4e14-abf9-6cc4f443b080	B9667754	TTYTE5	purple	VICTORY	HIGH-BALL	25
d6e7d7b1-b688-43ad-bfa4-502e26d753b1	B9667754	PMTRVO	gray			9
2dc6f925-94aa-4e61-857c-cf5ad50f479f	T8435362	49FZR50K	red		X3	25
7147a94e-da1a-42d1-b482-778ddc004131	T8435362	NX9JLG6H	silver			28
7c17dc4e-be6a-4fc9-8f48-b70d3e856fda	T8435362	41IJJN	blue		BEARCAT 2000 LT	18
d467bfa8-1df3-4576-981f-19b942636561	T8435362	WOEYGST	gray	HARLEY DAVIDSON		27
197c472b-ee91-468c-929b-80dfc3ed1b4c	B3472496	EINVL2YG	silver	HONDA	CB250 NIGHTHAWK	15
3cc7d8d4-ef4e-4b51-a849-0e43a993f5b4	B3472496	XZEKA9	gray		BEARCAT 2000 LT	28
04aa890f-7ef8-4ebf-bbd2-b164454f9fe2	T0739314	OYAWKKP	pink	POLARIS	TRAIL RMK	4
abdd5a9d-624e-4c5e-86e2-5d67d0063f5a	T0739314	8N6Y5WA2	black	ARCTIC CAT	450 LTD	19
988b38ef-739e-485a-b3ef-7a45e19cfd8e	T0739314	6KG858D	blue	POLARIS	700 DRAGON	21
a60d5f8a-e620-4ae0-b096-2c5b0930bc77	T0739314	U2LSTDQ	pink			3
289ea723-2d48-4a19-9941-cb7dc16ea4c1	T3872912	NKATHG	gray	YAMAHA		27
8146f7cd-a3d0-4adb-9f1b-828854303265	T3872912	SKBIYCU9	orange			12
98bed419-9d13-437d-ba14-4430b3d43d6a	T0102468	M80FJR	silver	LEXUS	RC350	18
51d5088d-31e7-48a2-beac-eef1f06abe39	T0102468	AQ9T0M1P	green	POLARIS	700 DRAGON	28
754f4327-7b37-442f-b1c8-9b9db1383a8e	T0791629	634CTO	gray	APRILIA	SR50R FACTORY	22
adb4c9e9-45eb-41f6-8a5b-99c1e729ba9c	T0791629	F2VQJZ	brown	FREIGHTLINER	MT45	16
b9560516-4ebc-4866-996b-f09042361329	T0791629	T063857C	purple	LAND ROVER	RANGE ROVER SPORT	25
6d0e4988-d44c-488f-ae5a-08b1f9be0763	T0791629	C7YFPRA0	red	LAND ROVER	RANGE ROVER SPORT	14
91213ceb-40ca-4c70-97ca-21553a1e9390	T9416339	35NFVG6	green	TM		23
7d72d9c0-ebc6-4b4c-a39b-55d8a8dadb54	B4301415	CSKOZOH	pink			7
75344b75-872e-4ec2-a718-4725ba7c6cc7	B4301415	AMKI67	purple	LEXUS		12
d6517859-1cf1-4396-adb0-11d3bd78321d	T4740013	BR15ZS	purple	HONDA	TRX420TM FOURTRAX RANCHER	27
c5db5e29-fc6b-447c-8717-3fc7feb1cf4b	T4740013	H6DC64	black			23
34f5e8c2-be7d-4607-87f6-39af9d964661	B7787506	9LS57S	orange			4
7738f3b2-c837-4745-95b4-7e4c8253d3de	B7787506	AOQN4C	red			9
f8ac5d50-e31a-445f-92c3-f57edd140f3d	B7787506	9UYLKWQ	silver	MERCEDES-BENZ		6
780f1891-61b1-45fb-8497-ee5e423b76f6	T5708245	A3LQBF	blue		SR50R FACTORY	4
cb97f4b1-63c6-481c-8a3b-58cb4b23d851	T5708245	SE6SD1	green	ARCTIC CAT	BEARCAT 2000 LT	28
3c2fe43a-ce66-4d25-803a-91be4c6830a0	T1428580	V0C6UV	purple	MACK	CHU	5
d724f943-94a8-4838-9cbd-a2065ba5e047	T1428580	7IW0U0	blue			1
555186fe-64c3-4614-b040-9219d30fa632	T2384254	8UCKCXGS	gray	APRILIA	DORSODURO 750	1
d4317f08-a92b-4f6c-9718-c281a007cb63	T2384254	49VXLHGX	blue			18
2db8f3b6-6cb6-4a41-96f1-8c4f309b08f7	T2384254	ONHDPQB3	gray	HYUNDAI		5
d1d17c29-bbaf-4e3b-b873-7fe83841baa8	T7268290	A9H5JO9R	black		500	19
7b12598c-2bcd-4b4e-bf7e-f16a7463210e	T8875832	ABCYVG	silver		OUTLANDER 400 HO 4X4	25
9c6a22af-936f-4060-b8f5-fe52ffdda2d8	T8875832	QYDHZX9	pink	AUDI	A4	4
4e23f680-098e-4176-bce8-aa4869d7a9f6	T8875832	X5JB79W	pink	TM		21
f4a10429-1ef3-4c3f-80ce-318f26a6f736	T8875832	RLOTTS04	pink		387	6
3a05f6fc-19dd-4270-8025-dcfee8c42b26	T5352724	BV0OVUM	red	AUDI		25
24fb027b-cc2c-4b9a-9a19-9996160d259c	T5352724	27MTTOD	pink			13
da1cea33-b1c6-4fc5-a117-d3a6c2ab4372	T1270610	WOLWAGSV	orange			9
93f568f5-a478-41fd-81b8-128132c00859	T1270610	KHRR2V	purple	HARLEY DAVIDSON		9
adbd23d5-d712-4df5-a5fe-3555ef6db0a2	T1270610	DIXDZT7W	blue	COBRA	CX50-SR	11
d2615633-278c-45af-892a-e147a2c3847b	T6271523	3EGYAEH	black			5
2d8c2476-625e-4656-b528-92d8508a032a	T7983303	UJG20EYW	orange	YAMAHA		1
8b449d87-269c-4ef4-8f7e-2571df8183d2	T7983303	1449AO77	brown	DODGE		15
15ec1698-399e-43ec-a751-e713e809fe5a	T7983303	V6G446BL	red	APRILIA		25
d8e3fc1e-c9e2-41a7-a060-0911f62873ee	B2752587	XPF337Y8	pink	APRILIA		27
6fc7db13-4bbd-424e-9921-770ab62002f6	T2025891	DIF1G8	pink			6
705c18db-c147-4679-ad4a-d07babd6cd1b	T2025891	Q3DDY4R	silver		SENTRA	16
5e0c0f23-e5ac-49ce-898a-aa3dee9b6fc7	T2025891	7KEAM5	red		RAM 2500 VAN	1
1f34c0bb-7d63-4cd0-81b4-5ab8a857625b	B6198392	YIXMFKU6	gray	TM		22
2c51f2ee-7012-4b1a-9797-57973cf6c376	B6198392	TGPWZ0J0	gray	APRILIA		1
5e65c231-5edf-4b20-ac58-280014b9567e	B6198392	J5TDBM	orange		CX50-SR	21
a530484c-9e49-4e45-8d33-9f0e0b3bf93f	B6198392	DFIPIAD	orange			25
95352406-8e97-4017-bd8c-c84f691a0b9e	T6887011	N0UPBZ9I	black			1
269dbbac-433b-444b-a1fb-20bd2fab90ac	T6887011	LUSQWC	gray			16
69b87817-2af9-4bf0-92a1-65c866b30b6d	T6887011	DNQN7O	green		SENTRA	0
9ee81e19-a110-4f56-8241-7142f9c47b31	B1215359	PZKP4POH	purple	YAMAHA	VMX1200 V-MAX	11
1c3935dc-d6a9-4b98-8dce-d5d106f84350	B1215359	QT24N8	blue		SMM450F	22
90c2a409-c5a1-4045-8b3e-8db4f2a1ddb7	B1157456	Y54XDY1	brown			2
06a06c35-0d2d-4d0f-b9d8-64733dedba49	B1157456	LUQC9Q	brown		REGAL	21
b6b1d72f-24bc-47cc-8bf9-0c54a258d112	B1157456	Z5NGX4F	brown	YAMAHA	VMX1200 V-MAX	14
8b9aabb1-92c2-417a-b450-26faddc562ec	B1157456	I55VB2	pink	APRILIA	DORSODURO 750	8
f8fd6c0e-bc70-4bd5-9f4d-85becccbc2ed	T5608419	WBR0I4U	blue	LAND ROVER		3
02e35777-cd63-49ed-8837-d24d62aa1701	T9579482	WPL6O0	orange	YAMAHA	XVS650 V STAR CUSTOM	22
a0639bdc-3155-4fe2-86e8-d6d97258dff5	T9991363	2RXG6D1D	silver	FIAT		25
24045f32-9e9e-4b54-8ac1-ea0f5e1c8937	T9991363	N4DTR3	purple	SKI-DOO	SUMMIT X E-TEC 800R 154	4
796227ae-ad0a-4fc0-ab88-184df1846020	T9991363	I7Y2SW	blue		XVS650 V STAR CUSTOM	28
9ac0ba30-103b-48a3-a15e-11065280c3c8	T2989911	BB6VUEH8	orange	SKI-DOO	SKANDIC WT E-TEC 600 HO	6
6416f85d-2c4f-4481-9e6d-447030fa2bdc	T2989911	DH2ZSZ0	purple			19
d7a073d5-f2b9-42a1-b941-f4b9c6914149	T2989911	9GEDFG6	silver			27
8ad976a0-e72c-4557-9d35-df388a6f948c	T2989911	9VNH5BK	silver			29
f72b739f-52c5-4305-83b2-a8fef828e004	T5611125	RKN941	red			16
4fe439f3-2d26-4230-aed7-6ac55d49a44e	T5611125	O8P7V4V	purple		450 LTD	4
2633391b-33cd-47bc-9b97-f21091a8be64	B0610138	QJMADAK2	gray		SR50R FACTORY	26
9437d7f0-84f2-4e05-a042-76211fdc4d6a	B0610138	QFN6OL	silver		OUTLANDER 400 HO 4X4	25
0a1fefd6-a9ea-4d5c-8a9d-308e9a7bd4b4	B0610138	FRRA8SQ	red		700 DRAGON	8
a4143af4-f6e1-4c6f-853b-224dc5b73084	B0610138	FQ0XH5IX	brown	KAWASAKI	KX250	24
a7f4064a-3b1f-4129-b07f-ea577c8f3ed2	T7864220	OQ718LKX	silver	POLARIS		12
ac745268-277e-498e-8871-45f41fba5e07	B4091693	SMDEKXA	green			20
b300b34c-f71a-429c-b981-c1a7a0cf4716	B6306889	DNKHPRE	silver	MOTOR COACH INDUSTRIES	102DL3	7
2a36657c-4c08-4999-a042-a259287d284b	B6306889	FEKVW7G1	gray	YAMAHA	XVS650 V STAR CUSTOM	13
cebe014b-5ab1-45a1-a73b-91cc234313f8	B6306889	HT732MS	pink			20
49c030d5-bc0d-40cd-a3d6-deecce1cd50e	B6306889	3B1XO7HS	pink		FORTE	21
e5c21f4f-cb00-4609-8dbd-ebf84cd9faa9	B6606296	IPZ2ZL0	green			0
b1cb6a46-f337-4d87-a44e-3da203a8b6e4	B6606296	TXAEP93	green		OUTLANDER 400 HO 4X4	4
1fe63e09-033e-4a48-975f-1a0414b4a820	B6606296	OZVIJKN	gray	MERCEDES-BENZ	SPRINTER 2500	24
097ab84a-24f0-4f6c-aa51-942d356f271f	B6606296	GN4L4M4	red			1
596cc6fa-1ec2-4b26-8158-398ff7c97844	B8170765	9SH387B	orange			1
86ae4c91-0ad0-42fc-af11-c1807a278be1	B8170765	3U1PD3Q	orange	KAWASAKI	KX250	7
a6a71aa5-aa85-426d-9012-1e498aa9a8d7	B7195271	QBS2ABX	purple			14
28f45b09-a8fd-479c-a867-ebc621da373a	B7195271	I2KE32	brown		RANGE ROVER SPORT	16
2eb21975-1bdb-4b7b-9aa6-8a383d6d080b	B7195271	HNJB4CB	blue	PETERBILT	387	2
29dd1558-3b56-48db-a2be-35e2c57049e9	B7195271	558K17	green			28
