T1043321	John	Gibson	(894) 280-4660	john.gibson@example.com	$2a$12$RwfoAooW.NM6Gj6j6BeqC.NpXCfOmdmIzGf3BrmMwfm7bdS5q7yty	True	13
T1338908	Austin	Quinn	(465) 953-0789	austin.quinn@example.com	$2a$12$RwfoAooW.NM6Gj6j6BeqC.NpXCfOmdmIzGf3BrmMwfm7bdS5q7yty	True	20
B6098358	Richard	Sanderson	(624) 279-7435	richard.sanderson@example.com	$2a$12$RwfoAooW.NM6Gj6j6BeqC.NpXCfOmdmIzGf3BrmMwfm7bdS5q7yty	False	12
T7971775	Matt	Coleman	(957) 332-8815	matt.coleman@example.com	$2a$12$RwfoAooW.NM6Gj6j6BeqC.NpXCfOmdmIzGf3BrmMwfm7bdS5q7yty	True	15
B6608801	Leonard	Bond	(987) 624-0657	leonard.bond@example.com	$2a$12$RwfoAooW.NM6Gj6j6BeqC.NpXCfOmdmIzGf3BrmMwfm7bdS5q7yty	True	16
B3280634	Rebecca	Coleman	(222) 372-1869	rebecca.coleman@example.com	$2a$12$RwfoAooW.NM6Gj6j6BeqC.NpXCfOmdmIzGf3BrmMwfm7bdS5q7yty	True	3
T8904290	Lily	Baker	(768) 448-9726	lily.baker@example.com	$2a$12$RwfoAooW.NM6Gj6j6BeqC.NpXCfOmdmIzGf3BrmMwfm7bdS5q7yty	False	14
T8562884	Justin	Wallace	(938) 600-9516	justin.wallace@example.com	$2a$12$RwfoAooW.NM6Gj6j6BeqC.NpXCfOmdmIzGf3BrmMwfm7bdS5q7yty	False	16
B6254361	Andrea	Davidson	(779) 213-8730	andrea.davidson@example.com	$2a$12$RwfoAooW.NM6Gj6j6BeqC.NpXCfOmdmIzGf3BrmMwfm7bdS5q7yty	False	3
T6260787	Vanessa	Miller	(762) 943-5697	vanessa.miller@example.com	$2a$12$RwfoAooW.NM6Gj6j6BeqC.NpXCfOmdmIzGf3BrmMwfm7bdS5q7yty	False	1
T1328507	Isaac	Vaughan	(430) 649-8905	isaac.vaughan@example.com	$2a$12$RwfoAooW.NM6Gj6j6BeqC.NpXCfOmdmIzGf3BrmMwfm7bdS5q7yty	False	3
B1607360	Christian	Lambert	(420) 240-6714	christian.lambert@example.com	$2a$12$RwfoAooW.NM6Gj6j6BeqC.NpXCfOmdmIzGf3BrmMwfm7bdS5q7yty	False	12
B9810796	Faith	Young	(946) 568-9699	faith.young@example.com	$2a$12$RwfoAooW.NM6Gj6j6BeqC.NpXCfOmdmIzGf3BrmMwfm7bdS5q7yty	True	19
T0425496	Madeleine	Buckland	(376) 781-8418	madeleine.buckland@example.com	$2a$12$RwfoAooW.NM6Gj6j6BeqC.NpXCfOmdmIzGf3BrmMwfm7bdS5q7yty	True	4
T9132033	Elizabeth	Sharp	(519) 817-9305	elizabeth.sharp@example.com	$2a$12$RwfoAooW.NM6Gj6j6BeqC.NpXCfOmdmIzGf3BrmMwfm7bdS5q7yty	True	2
B6202582	Lauren	Poole	(811) 492-9711	lauren.poole@example.com	$2a$12$RwfoAooW.NM6Gj6j6BeqC.NpXCfOmdmIzGf3BrmMwfm7bdS5q7yty	False	6
T6648698	Stewart	Dowd	(380) 653-8711	stewart.dowd@example.com	$2a$12$RwfoAooW.NM6Gj6j6BeqC.NpXCfOmdmIzGf3BrmMwfm7bdS5q7yty	True	18
B2732262	Andrew	Campbell	(477) 703-5707	andrew.campbell@example.com	$2a$12$RwfoAooW.NM6Gj6j6BeqC.NpXCfOmdmIzGf3BrmMwfm7bdS5q7yty	True	26
B4243625	Kimberly	Paterson	(698) 636-8035	kimberly.paterson@example.com	$2a$12$RwfoAooW.NM6Gj6j6BeqC.NpXCfOmdmIzGf3BrmMwfm7bdS5q7yty	False	21
B1388503	John	Randall	(381) 765-9978	john.randall@example.com	$2a$12$RwfoAooW.NM6Gj6j6BeqC.NpXCfOmdmIzGf3BrmMwfm7bdS5q7yty	True	5
T5326011	Dominic	Fraser	(506) 585-6003	dominic.fraser@example.com	$2a$12$RwfoAooW.NM6Gj6j6BeqC.NpXCfOmdmIzGf3BrmMwfm7bdS5q7yty	True	18
B3829742	Sean	Welch	(532) 746-0236	sean.welch@example.com	$2a$12$RwfoAooW.NM6Gj6j6BeqC.NpXCfOmdmIzGf3BrmMwfm7bdS5q7yty	False	3
B0346861	Alexander	Newman	(897) 440-8037	alexander.newman@example.com	$2a$12$RwfoAooW.NM6Gj6j6BeqC.NpXCfOmdmIzGf3BrmMwfm7bdS5q7yty	False	1
B0762643	Victor	Taylor	(709) 785-5008	victor.taylor@example.com	$2a$12$RwfoAooW.NM6Gj6j6BeqC.NpXCfOmdmIzGf3BrmMwfm7bdS5q7yty	False	0
B0645315	Natalie	Walsh	(218) 240-6337	natalie.walsh@example.com	$2a$12$RwfoAooW.NM6Gj6j6BeqC.NpXCfOmdmIzGf3BrmMwfm7bdS5q7yty	True	1
T6871568	Evan	Morgan	(498) 225-7495	evan.morgan@example.com	$2a$12$RwfoAooW.NM6Gj6j6BeqC.NpXCfOmdmIzGf3BrmMwfm7bdS5q7yty	True	1
B0144130	Stephen	Payne	(732) 971-7207	stephen.payne@example.com	$2a$12$RwfoAooW.NM6Gj6j6BeqC.NpXCfOmdmIzGf3BrmMwfm7bdS5q7yty	True	20
B0208601	Michael	Coleman	(946) 252-7173	michael.coleman@example.com	$2a$12$RwfoAooW.NM6Gj6j6BeqC.NpXCfOmdmIzGf3BrmMwfm7bdS5q7yty	True	23
B6783055	Lillian	Hill	(311) 628-4839	lillian.hill@example.com	$2a$12$RwfoAooW.NM6Gj6j6BeqC.NpXCfOmdmIzGf3BrmMwfm7bdS5q7yty	False	14
B6399812	Edward	Watson	(631) 784-6096	edward.watson@example.com	$2a$12$RwfoAooW.NM6Gj6j6BeqC.NpXCfOmdmIzGf3BrmMwfm7bdS5q7yty	True	8
T7476950	Christopher	Terry	(215) 427-9042	christopher.terry@example.com	$2a$12$RwfoAooW.NM6Gj6j6BeqC.NpXCfOmdmIzGf3BrmMwfm7bdS5q7yty	False	27
T1021401	Robert	Dyer	(356) 259-7044	robert.dyer@example.com	$2a$12$RwfoAooW.NM6Gj6j6BeqC.NpXCfOmdmIzGf3BrmMwfm7bdS5q7yty	True	17
B3338496	Stephen	Black	(503) 915-0509	stephen.black@example.com	$2a$12$RwfoAooW.NM6Gj6j6BeqC.NpXCfOmdmIzGf3BrmMwfm7bdS5q7yty	False	30
T2046372	Una	Bower	(629) 723-9748	una.bower@example.com	$2a$12$RwfoAooW.NM6Gj6j6BeqC.NpXCfOmdmIzGf3BrmMwfm7bdS5q7yty	False	5
B9457595	Dylan	Mackay	(661) 978-0448	dylan.mackay@example.com	$2a$12$RwfoAooW.NM6Gj6j6BeqC.NpXCfOmdmIzGf3BrmMwfm7bdS5q7yty	True	11
B3771403	Boris	Bower	(433) 787-8392	boris.bower@example.com	$2a$12$RwfoAooW.NM6Gj6j6BeqC.NpXCfOmdmIzGf3BrmMwfm7bdS5q7yty	True	25
T6081641	Steven	McDonald	(553) 699-2426	steven.mcdonald@example.com	$2a$12$RwfoAooW.NM6Gj6j6BeqC.NpXCfOmdmIzGf3BrmMwfm7bdS5q7yty	False	8
B7036665	Sophie	Watson	(426) 506-2736	sophie.watson@example.com	$2a$12$RwfoAooW.NM6Gj6j6BeqC.NpXCfOmdmIzGf3BrmMwfm7bdS5q7yty	False	0
B9551330	Victor	Parr	(732) 977-4638	victor.parr@example.com	$2a$12$RwfoAooW.NM6Gj6j6BeqC.NpXCfOmdmIzGf3BrmMwfm7bdS5q7yty	True	2
B0793651	Cameron	Metcalfe	(861) 305-9132	cameron.metcalfe@example.com	$2a$12$RwfoAooW.NM6Gj6j6BeqC.NpXCfOmdmIzGf3BrmMwfm7bdS5q7yty	False	12
T2093137	Christopher	Smith	(558) 874-0873	christopher.smith@example.com	$2a$12$RwfoAooW.NM6Gj6j6BeqC.NpXCfOmdmIzGf3BrmMwfm7bdS5q7yty	True	5
B9367677	Richard	Butler	(832) 390-8347	richard.butler@example.com	$2a$12$RwfoAooW.NM6Gj6j6BeqC.NpXCfOmdmIzGf3BrmMwfm7bdS5q7yty	False	7
T6496745	Charles	Cameron	(679) 910-4065	charles.cameron@example.com	$2a$12$RwfoAooW.NM6Gj6j6BeqC.NpXCfOmdmIzGf3BrmMwfm7bdS5q7yty	True	23
T2487641	Theresa	Oliver	(587) 829-6878	theresa.oliver@example.com	$2a$12$RwfoAooW.NM6Gj6j6BeqC.NpXCfOmdmIzGf3BrmMwfm7bdS5q7yty	False	3
T5688084	Tracey	Lee	(944) 241-5254	tracey.lee@example.com	$2a$12$RwfoAooW.NM6Gj6j6BeqC.NpXCfOmdmIzGf3BrmMwfm7bdS5q7yty	True	0
B1624742	Adam	Wilkins	(530) 276-4041	adam.wilkins@example.com	$2a$12$RwfoAooW.NM6Gj6j6BeqC.NpXCfOmdmIzGf3BrmMwfm7bdS5q7yty	False	17
T3607124	Tracey	Grant	(951) 409-8614	tracey.grant@example.com	$2a$12$RwfoAooW.NM6Gj6j6BeqC.NpXCfOmdmIzGf3BrmMwfm7bdS5q7yty	False	15
B4662199	Jennifer	Glover	(265) 349-9800	jennifer.glover@example.com	$2a$12$RwfoAooW.NM6Gj6j6BeqC.NpXCfOmdmIzGf3BrmMwfm7bdS5q7yty	True	21
B0811071	Ava	Murray	(754) 620-9147	ava.murray@example.com	$2a$12$RwfoAooW.NM6Gj6j6BeqC.NpXCfOmdmIzGf3BrmMwfm7bdS5q7yty	True	23
T4628826	Evan	Bell	(434) 660-4172	evan.bell@example.com	$2a$12$RwfoAooW.NM6Gj6j6BeqC.NpXCfOmdmIzGf3BrmMwfm7bdS5q7yty	False	6
B2544527	Caroline	Mathis	(728) 883-5958	caroline.mathis@example.com	$2a$12$RwfoAooW.NM6Gj6j6BeqC.NpXCfOmdmIzGf3BrmMwfm7bdS5q7yty	False	1
T7573368	Dan	Glover	(881) 902-6364	dan.glover@example.com	$2a$12$RwfoAooW.NM6Gj6j6BeqC.NpXCfOmdmIzGf3BrmMwfm7bdS5q7yty	True	16
T7115787	Rachel	May	(577) 424-2611	rachel.may@example.com	$2a$12$RwfoAooW.NM6Gj6j6BeqC.NpXCfOmdmIzGf3BrmMwfm7bdS5q7yty	False	25
T8678110	Ella	Oliver	(508) 280-1997	ella.oliver@example.com	$2a$12$RwfoAooW.NM6Gj6j6BeqC.NpXCfOmdmIzGf3BrmMwfm7bdS5q7yty	False	29
B6514444	Joseph	Reid	(938) 736-0399	joseph.reid@example.com	$2a$12$RwfoAooW.NM6Gj6j6BeqC.NpXCfOmdmIzGf3BrmMwfm7bdS5q7yty	True	25
B3527625	Carl	Paterson	(962) 263-8322	carl.paterson@example.com	$2a$12$RwfoAooW.NM6Gj6j6BeqC.NpXCfOmdmIzGf3BrmMwfm7bdS5q7yty	True	7
T0235640	Jacob	Graham	(541) 650-1508	jacob.graham@example.com	$2a$12$RwfoAooW.NM6Gj6j6BeqC.NpXCfOmdmIzGf3BrmMwfm7bdS5q7yty	False	19
B7137024	Mary	Peake	(354) 398-4469	mary.peake@example.com	$2a$12$RwfoAooW.NM6Gj6j6BeqC.NpXCfOmdmIzGf3BrmMwfm7bdS5q7yty	False	27
B2972231	Karen	Clark	(690) 875-9974	karen.clark@example.com	$2a$12$RwfoAooW.NM6Gj6j6BeqC.NpXCfOmdmIzGf3BrmMwfm7bdS5q7yty	True	0
B1877689	Charles	Carr	(468) 673-5529	charles.carr@example.com	$2a$12$RwfoAooW.NM6Gj6j6BeqC.NpXCfOmdmIzGf3BrmMwfm7bdS5q7yty	False	22
T2420570	Molly	Mathis	(213) 294-6489	molly.mathis@example.com	$2a$12$RwfoAooW.NM6Gj6j6BeqC.NpXCfOmdmIzGf3BrmMwfm7bdS5q7yty	False	11
T6414425	Sue	Rutherford	(648) 593-6175	sue.rutherford@example.com	$2a$12$RwfoAooW.NM6Gj6j6BeqC.NpXCfOmdmIzGf3BrmMwfm7bdS5q7yty	True	27
B7599794	Nathan	Glover	(262) 754-8954	nathan.glover@example.com	$2a$12$RwfoAooW.NM6Gj6j6BeqC.NpXCfOmdmIzGf3BrmMwfm7bdS5q7yty	False	28
T0436256	Carl	Parr	(864) 355-1031	carl.parr@example.com	$2a$12$RwfoAooW.NM6Gj6j6BeqC.NpXCfOmdmIzGf3BrmMwfm7bdS5q7yty	True	10
T9805602	Lily	Springer	(823) 741-5694	lily.springer@example.com	$2a$12$RwfoAooW.NM6Gj6j6BeqC.NpXCfOmdmIzGf3BrmMwfm7bdS5q7yty	False	8
B5445292	Dan	Peake	(904) 233-2408	dan.peake@example.com	$2a$12$RwfoAooW.NM6Gj6j6BeqC.NpXCfOmdmIzGf3BrmMwfm7bdS5q7yty	True	5
T2307388	Leah	Henderson	(339) 631-8821	leah.henderson@example.com	$2a$12$RwfoAooW.NM6Gj6j6BeqC.NpXCfOmdmIzGf3BrmMwfm7bdS5q7yty	True	26
T9927777	Sue	Parr	(431) 711-6283	sue.parr@example.com	$2a$12$RwfoAooW.NM6Gj6j6BeqC.NpXCfOmdmIzGf3BrmMwfm7bdS5q7yty	False	11
T5888419	Ian	Bell	(901) 844-2989	ian.bell@example.com	$2a$12$RwfoAooW.NM6Gj6j6BeqC.NpXCfOmdmIzGf3BrmMwfm7bdS5q7yty	True	12
B1135492	Tim	Sharp	(737) 970-6098	tim.sharp@example.com	$2a$12$RwfoAooW.NM6Gj6j6BeqC.NpXCfOmdmIzGf3BrmMwfm7bdS5q7yty	True	12
T4499585	Cameron	Roberts	(300) 881-1337	cameron.roberts@example.com	$2a$12$RwfoAooW.NM6Gj6j6BeqC.NpXCfOmdmIzGf3BrmMwfm7bdS5q7yty	True	19
T1308321	Edward	Burgess	(622) 776-9543	edward.burgess@example.com	$2a$12$RwfoAooW.NM6Gj6j6BeqC.NpXCfOmdmIzGf3BrmMwfm7bdS5q7yty	False	27
T3409586	Jasmine	Tucker	(706) 430-3947	jasmine.tucker@example.com	$2a$12$RwfoAooW.NM6Gj6j6BeqC.NpXCfOmdmIzGf3BrmMwfm7bdS5q7yty	False	9
T4335784	James	Carr	(440) 885-4320	james.carr@example.com	$2a$12$RwfoAooW.NM6Gj6j6BeqC.NpXCfOmdmIzGf3BrmMwfm7bdS5q7yty	False	1
B8033613	Grace	Walsh	(404) 908-8014	grace.walsh@example.com	$2a$12$RwfoAooW.NM6Gj6j6BeqC.NpXCfOmdmIzGf3BrmMwfm7bdS5q7yty	False	15
B8210628	Charles	Black	(734) 572-5895	charles.black@example.com	$2a$12$RwfoAooW.NM6Gj6j6BeqC.NpXCfOmdmIzGf3BrmMwfm7bdS5q7yty	True	25
B6205025	Kevin	Alsop	(210) 807-7108	kevin.alsop@example.com	$2a$12$RwfoAooW.NM6Gj6j6BeqC.NpXCfOmdmIzGf3BrmMwfm7bdS5q7yty	False	7
B5317595	Dylan	Grant	(866) 378-2472	dylan.grant@example.com	$2a$12$RwfoAooW.NM6Gj6j6BeqC.NpXCfOmdmIzGf3BrmMwfm7bdS5q7yty	False	21
B0734152	Benjamin	Hart	(755) 932-3099	benjamin.hart@example.com	$2a$12$RwfoAooW.NM6Gj6j6BeqC.NpXCfOmdmIzGf3BrmMwfm7bdS5q7yty	False	24
T8619827	Sean	Jones	(486) 386-6606	sean.jones@example.com	$2a$12$RwfoAooW.NM6Gj6j6BeqC.NpXCfOmdmIzGf3BrmMwfm7bdS5q7yty	False	25
B2617515	Jonathan	Bell	(395) 878-1846	jonathan.bell@example.com	$2a$12$RwfoAooW.NM6Gj6j6BeqC.NpXCfOmdmIzGf3BrmMwfm7bdS5q7yty	False	16
T0390110	Theresa	Welch	(212) 653-2260	theresa.welch@example.com	$2a$12$RwfoAooW.NM6Gj6j6BeqC.NpXCfOmdmIzGf3BrmMwfm7bdS5q7yty	False	18
B7279999	Benjamin	Powell	(416) 971-7434	benjamin.powell@example.com	$2a$12$RwfoAooW.NM6Gj6j6BeqC.NpXCfOmdmIzGf3BrmMwfm7bdS5q7yty	True	22
T0797228	Christopher	Simpson	(601) 608-0254	christopher.simpson@example.com	$2a$12$RwfoAooW.NM6Gj6j6BeqC.NpXCfOmdmIzGf3BrmMwfm7bdS5q7yty	False	23
B3748870	Kimberly	Churchill	(699) 578-6524	kimberly.churchill@example.com	$2a$12$RwfoAooW.NM6Gj6j6BeqC.NpXCfOmdmIzGf3BrmMwfm7bdS5q7yty	False	8
B3498778	Ruth	Kelly	(855) 355-9850	ruth.kelly@example.com	$2a$12$RwfoAooW.NM6Gj6j6BeqC.NpXCfOmdmIzGf3BrmMwfm7bdS5q7yty	False	11
T8091257	Julian	Russell	(691) 752-7651	julian.russell@example.com	$2a$12$RwfoAooW.NM6Gj6j6BeqC.NpXCfOmdmIzGf3BrmMwfm7bdS5q7yty	False	20
T6380033	Angela	Alsop	(282) 324-8675	angela.alsop@example.com	$2a$12$RwfoAooW.NM6Gj6j6BeqC.NpXCfOmdmIzGf3BrmMwfm7bdS5q7yty	False	27
T1682968	Lisa	McLean	(217) 748-6739	lisa.mclean@example.com	$2a$12$RwfoAooW.NM6Gj6j6BeqC.NpXCfOmdmIzGf3BrmMwfm7bdS5q7yty	True	18
T5331854	Alexander	Mackenzie	(230) 789-1738	alexander.mackenzie@example.com	$2a$12$RwfoAooW.NM6Gj6j6BeqC.NpXCfOmdmIzGf3BrmMwfm7bdS5q7yty	True	15
T8525724	Katherine	Underwood	(653) 266-5736	katherine.underwood@example.com	$2a$12$RwfoAooW.NM6Gj6j6BeqC.NpXCfOmdmIzGf3BrmMwfm7bdS5q7yty	True	11
B5303951	Penelope	Cornish	(886) 911-4681	penelope.cornish@example.com	$2a$12$RwfoAooW.NM6Gj6j6BeqC.NpXCfOmdmIzGf3BrmMwfm7bdS5q7yty	False	29
B1396110	Jonathan	Metcalfe	(238) 618-5052	jonathan.metcalfe@example.com	$2a$12$RwfoAooW.NM6Gj6j6BeqC.NpXCfOmdmIzGf3BrmMwfm7bdS5q7yty	True	12
B5297096	Theresa	Miller	(936) 516-7821	theresa.miller@example.com	$2a$12$RwfoAooW.NM6Gj6j6BeqC.NpXCfOmdmIzGf3BrmMwfm7bdS5q7yty	False	2
B6929055	Virginia	Clarkson	(302) 463-1775	virginia.clarkson@example.com	$2a$12$RwfoAooW.NM6Gj6j6BeqC.NpXCfOmdmIzGf3BrmMwfm7bdS5q7yty	True	6
T4239728	Neil	Scott	(793) 572-5889	neil.scott@example.com	$2a$12$RwfoAooW.NM6Gj6j6BeqC.NpXCfOmdmIzGf3BrmMwfm7bdS5q7yty	True	3
T8397571	Evan	Powell	(393) 777-3080	evan.powell@example.com	$2a$12$RwfoAooW.NM6Gj6j6BeqC.NpXCfOmdmIzGf3BrmMwfm7bdS5q7yty	True	9
T3798053	Neil	Anderson	(524) 603-1576	neil.anderson@example.com	$2a$12$RwfoAooW.NM6Gj6j6BeqC.NpXCfOmdmIzGf3BrmMwfm7bdS5q7yty	True	28
B6017943	Madeleine	Peake	(922) 414-1386	madeleine.peake@example.com	$2a$12$RwfoAooW.NM6Gj6j6BeqC.NpXCfOmdmIzGf3BrmMwfm7bdS5q7yty	True	26
B5564292	Peter	Murray	(437) 253-4572	peter.murray@example.com	$2a$12$RwfoAooW.NM6Gj6j6BeqC.NpXCfOmdmIzGf3BrmMwfm7bdS5q7yty	True	25
B6858069	Donna	Coleman	(918) 511-5019	donna.coleman@example.com	$2a$12$RwfoAooW.NM6Gj6j6BeqC.NpXCfOmdmIzGf3BrmMwfm7bdS5q7yty	False	29
B7212187	Boris	Quinn	(956) 657-9655	boris.quinn@example.com	$2a$12$RwfoAooW.NM6Gj6j6BeqC.NpXCfOmdmIzGf3BrmMwfm7bdS5q7yty	False	20
T8791488	Maria	Davidson	(458) 887-1278	maria.davidson@example.com	$2a$12$RwfoAooW.NM6Gj6j6BeqC.NpXCfOmdmIzGf3BrmMwfm7bdS5q7yty	True	22
B1256248	Faith	Robertson	(778) 254-1461	faith.robertson@example.com	$2a$12$RwfoAooW.NM6Gj6j6BeqC.NpXCfOmdmIzGf3BrmMwfm7bdS5q7yty	True	16
T1988466	Karen	Jones	(952) 618-1295	karen.jones@example.com	$2a$12$RwfoAooW.NM6Gj6j6BeqC.NpXCfOmdmIzGf3BrmMwfm7bdS5q7yty	True	28
T0528730	John	Burgess	(294) 914-9430	john.burgess@example.com	$2a$12$RwfoAooW.NM6Gj6j6BeqC.NpXCfOmdmIzGf3BrmMwfm7bdS5q7yty	True	25
T3540062	Wanda	Poole	(800) 501-3777	wanda.poole@example.com	$2a$12$RwfoAooW.NM6Gj6j6BeqC.NpXCfOmdmIzGf3BrmMwfm7bdS5q7yty	True	22
B5463960	Virginia	Johnston	(737) 791-4028	virginia.johnston@example.com	$2a$12$RwfoAooW.NM6Gj6j6BeqC.NpXCfOmdmIzGf3BrmMwfm7bdS5q7yty	True	10
B3320428	Lily	Davidson	(882) 399-2632	lily.davidson@example.com	$2a$12$RwfoAooW.NM6Gj6j6BeqC.NpXCfOmdmIzGf3BrmMwfm7bdS5q7yty	False	7
T2776727	Lauren	Avery	(583) 674-9882	lauren.avery@example.com	$2a$12$RwfoAooW.NM6Gj6j6BeqC.NpXCfOmdmIzGf3BrmMwfm7bdS5q7yty	True	1
T6758094	Emma	Robertson	(532) 952-8667	emma.robertson@example.com	$2a$12$RwfoAooW.NM6Gj6j6BeqC.NpXCfOmdmIzGf3BrmMwfm7bdS5q7yty	True	0
T7375070	Anna	Howard	(377) 330-1934	anna.howard@example.com	$2a$12$RwfoAooW.NM6Gj6j6BeqC.NpXCfOmdmIzGf3BrmMwfm7bdS5q7yty	False	22
T5482722	Phil	Murray	(872) 618-3411	phil.murray@example.com	$2a$12$RwfoAooW.NM6Gj6j6BeqC.NpXCfOmdmIzGf3BrmMwfm7bdS5q7yty	False	13
T6476927	Harry	Greene	(935) 518-2114	harry.greene@example.com	$2a$12$RwfoAooW.NM6Gj6j6BeqC.NpXCfOmdmIzGf3BrmMwfm7bdS5q7yty	True	24
T7425324	Dominic	McGrath	(548) 611-6100	dominic.mcgrath@example.com	$2a$12$RwfoAooW.NM6Gj6j6BeqC.NpXCfOmdmIzGf3BrmMwfm7bdS5q7yty	True	5
T5931002	Deirdre	Burgess	(817) 806-2276	deirdre.burgess@example.com	$2a$12$RwfoAooW.NM6Gj6j6BeqC.NpXCfOmdmIzGf3BrmMwfm7bdS5q7yty	True	23
B8308506	Ryan	Parsons	(344) 358-0571	ryan.parsons@example.com	$2a$12$RwfoAooW.NM6Gj6j6BeqC.NpXCfOmdmIzGf3BrmMwfm7bdS5q7yty	False	20
B5406824	Jacob	Ferguson	(336) 513-3693	jacob.ferguson@example.com	$2a$12$RwfoAooW.NM6Gj6j6BeqC.NpXCfOmdmIzGf3BrmMwfm7bdS5q7yty	False	8
B7881052	Leonard	McLean	(942) 639-9967	leonard.mclean@example.com	$2a$12$RwfoAooW.NM6Gj6j6BeqC.NpXCfOmdmIzGf3BrmMwfm7bdS5q7yty	True	0
T1014938	Anthony	Berry	(532) 257-2572	anthony.berry@example.com	$2a$12$RwfoAooW.NM6Gj6j6BeqC.NpXCfOmdmIzGf3BrmMwfm7bdS5q7yty	False	17
T1202825	William	Springer	(251) 794-7357	william.springer@example.com	$2a$12$RwfoAooW.NM6Gj6j6BeqC.NpXCfOmdmIzGf3BrmMwfm7bdS5q7yty	False	10
T7725402	Boris	Mackenzie	(468) 210-0515	boris.mackenzie@example.com	$2a$12$RwfoAooW.NM6Gj6j6BeqC.NpXCfOmdmIzGf3BrmMwfm7bdS5q7yty	True	7
B2390270	Stewart	Graham	(663) 314-4211	stewart.graham@example.com	$2a$12$RwfoAooW.NM6Gj6j6BeqC.NpXCfOmdmIzGf3BrmMwfm7bdS5q7yty	True	29
T2074932	Caroline	Allan	(202) 239-9562	caroline.allan@example.com	$2a$12$RwfoAooW.NM6Gj6j6BeqC.NpXCfOmdmIzGf3BrmMwfm7bdS5q7yty	False	11
B3160488	David	Baker	(981) 857-1112	david.baker@example.com	$2a$12$RwfoAooW.NM6Gj6j6BeqC.NpXCfOmdmIzGf3BrmMwfm7bdS5q7yty	True	24
T2313568	Jasmine	Gill	(254) 261-7614	jasmine.gill@example.com	$2a$12$RwfoAooW.NM6Gj6j6BeqC.NpXCfOmdmIzGf3BrmMwfm7bdS5q7yty	True	26
T6939679	John	Hughes	(990) 350-8053	john.hughes@example.com	$2a$12$RwfoAooW.NM6Gj6j6BeqC.NpXCfOmdmIzGf3BrmMwfm7bdS5q7yty	False	1
B9680835	Owen	Stewart	(412) 281-7260	owen.stewart@example.com	$2a$12$RwfoAooW.NM6Gj6j6BeqC.NpXCfOmdmIzGf3BrmMwfm7bdS5q7yty	True	1
T4569777	Sally	Randall	(558) 391-4478	sally.randall@example.com	$2a$12$RwfoAooW.NM6Gj6j6BeqC.NpXCfOmdmIzGf3BrmMwfm7bdS5q7yty	True	7
B9738683	Sophie	MacLeod	(257) 523-9979	sophie.macleod@example.com	$2a$12$RwfoAooW.NM6Gj6j6BeqC.NpXCfOmdmIzGf3BrmMwfm7bdS5q7yty	True	11
B2334807	Heather	Taylor	(521) 297-1131	heather.taylor@example.com	$2a$12$RwfoAooW.NM6Gj6j6BeqC.NpXCfOmdmIzGf3BrmMwfm7bdS5q7yty	False	11
T9651882	Liam	Paige	(988) 808-1636	liam.paige@example.com	$2a$12$RwfoAooW.NM6Gj6j6BeqC.NpXCfOmdmIzGf3BrmMwfm7bdS5q7yty	True	15
T7053563	Paul	Mackay	(715) 209-1398	paul.mackay@example.com	$2a$12$RwfoAooW.NM6Gj6j6BeqC.NpXCfOmdmIzGf3BrmMwfm7bdS5q7yty	True	10
B6619884	Joe	Paterson	(332) 969-4248	joe.paterson@example.com	$2a$12$RwfoAooW.NM6Gj6j6BeqC.NpXCfOmdmIzGf3BrmMwfm7bdS5q7yty	True	19
B3150626	Simon	Roberts	(748) 663-1175	simon.roberts@example.com	$2a$12$RwfoAooW.NM6Gj6j6BeqC.NpXCfOmdmIzGf3BrmMwfm7bdS5q7yty	True	12
B1577282	Lillian	Robertson	(996) 584-8531	lillian.robertson@example.com	$2a$12$RwfoAooW.NM6Gj6j6BeqC.NpXCfOmdmIzGf3BrmMwfm7bdS5q7yty	False	3
T7843344	Ava	Mackenzie	(379) 631-4636	ava.mackenzie@example.com	$2a$12$RwfoAooW.NM6Gj6j6BeqC.NpXCfOmdmIzGf3BrmMwfm7bdS5q7yty	False	12
B0929753	Karen	Mackenzie	(618) 373-5102	karen.mackenzie@example.com	$2a$12$RwfoAooW.NM6Gj6j6BeqC.NpXCfOmdmIzGf3BrmMwfm7bdS5q7yty	True	12
B1060426	Stephen	Russell	(662) 523-1315	stephen.russell@example.com	$2a$12$RwfoAooW.NM6Gj6j6BeqC.NpXCfOmdmIzGf3BrmMwfm7bdS5q7yty	False	12
B9460763	Adrian	James	(263) 224-8730	adrian.james@example.com	$2a$12$RwfoAooW.NM6Gj6j6BeqC.NpXCfOmdmIzGf3BrmMwfm7bdS5q7yty	True	25
T3371447	Brian	Mitchell	(980) 913-8250	brian.mitchell@example.com	$2a$12$RwfoAooW.NM6Gj6j6BeqC.NpXCfOmdmIzGf3BrmMwfm7bdS5q7yty	False	3
B0183666	Thomas	Clarkson	(264) 389-1320	thomas.clarkson@example.com	$2a$12$RwfoAooW.NM6Gj6j6BeqC.NpXCfOmdmIzGf3BrmMwfm7bdS5q7yty	True	1
T1465754	Amanda	Lawrence	(874) 678-3079	amanda.lawrence@example.com	$2a$12$RwfoAooW.NM6Gj6j6BeqC.NpXCfOmdmIzGf3BrmMwfm7bdS5q7yty	True	29
B7446626	Joshua	Harris	(282) 872-4176	joshua.harris@example.com	$2a$12$RwfoAooW.NM6Gj6j6BeqC.NpXCfOmdmIzGf3BrmMwfm7bdS5q7yty	True	3
B1428636	Mary	Ince	(915) 222-1578	mary.ince@example.com	$2a$12$RwfoAooW.NM6Gj6j6BeqC.NpXCfOmdmIzGf3BrmMwfm7bdS5q7yty	False	20
T8891148	Gavin	Metcalfe	(615) 935-5454	gavin.metcalfe@example.com	$2a$12$RwfoAooW.NM6Gj6j6BeqC.NpXCfOmdmIzGf3BrmMwfm7bdS5q7yty	True	7
T6454367	Max	Jones	(285) 517-7215	max.jones@example.com	$2a$12$RwfoAooW.NM6Gj6j6BeqC.NpXCfOmdmIzGf3BrmMwfm7bdS5q7yty	False	20
T0739378	Audrey	Smith	(759) 439-2599	audrey.smith@example.com	$2a$12$RwfoAooW.NM6Gj6j6BeqC.NpXCfOmdmIzGf3BrmMwfm7bdS5q7yty	False	1
B3145677	Ryan	Piper	(697) 771-5484	ryan.piper@example.com	$2a$12$RwfoAooW.NM6Gj6j6BeqC.NpXCfOmdmIzGf3BrmMwfm7bdS5q7yty	False	21
B8724315	Elizabeth	Bell	(390) 318-7737	elizabeth.bell@example.com	$2a$12$RwfoAooW.NM6Gj6j6BeqC.NpXCfOmdmIzGf3BrmMwfm7bdS5q7yty	True	17
B3618820	Bella	Vance	(208) 905-4518	bella.vance@example.com	$2a$12$RwfoAooW.NM6Gj6j6BeqC.NpXCfOmdmIzGf3BrmMwfm7bdS5q7yty	True	6
B1086109	Jasmine	Berry	(946) 928-8817	jasmine.berry@example.com	$2a$12$RwfoAooW.NM6Gj6j6BeqC.NpXCfOmdmIzGf3BrmMwfm7bdS5q7yty	True	25
B4613916	Carl	Alsop	(575) 636-7411	carl.alsop@example.com	$2a$12$RwfoAooW.NM6Gj6j6BeqC.NpXCfOmdmIzGf3BrmMwfm7bdS5q7yty	True	26
T2530630	Matt	Hunter	(773) 356-8980	matt.hunter@example.com	$2a$12$RwfoAooW.NM6Gj6j6BeqC.NpXCfOmdmIzGf3BrmMwfm7bdS5q7yty	True	20
B0512112	Felicity	Henderson	(655) 747-5224	felicity.henderson@example.com	$2a$12$RwfoAooW.NM6Gj6j6BeqC.NpXCfOmdmIzGf3BrmMwfm7bdS5q7yty	True	4
T8399704	Justin	Bower	(294) 240-6286	justin.bower@example.com	$2a$12$RwfoAooW.NM6Gj6j6BeqC.NpXCfOmdmIzGf3BrmMwfm7bdS5q7yty	True	20
B1364319	Sam	Springer	(399) 434-4783	sam.springer@example.com	$2a$12$RwfoAooW.NM6Gj6j6BeqC.NpXCfOmdmIzGf3BrmMwfm7bdS5q7yty	True	4
B6464865	Rebecca	Fraser	(395) 764-7824	rebecca.fraser@example.com	$2a$12$RwfoAooW.NM6Gj6j6BeqC.NpXCfOmdmIzGf3BrmMwfm7bdS5q7yty	True	7
B6144001	Amelia	Chapman	(546) 853-2140	amelia.chapman@example.com	$2a$12$RwfoAooW.NM6Gj6j6BeqC.NpXCfOmdmIzGf3BrmMwfm7bdS5q7yty	False	18
T7133001	Amelia	Parr	(744) 619-8669	amelia.parr@example.com	$2a$12$RwfoAooW.NM6Gj6j6BeqC.NpXCfOmdmIzGf3BrmMwfm7bdS5q7yty	True	26
T9164409	Melanie	North	(394) 711-0600	melanie.north@example.com	$2a$12$RwfoAooW.NM6Gj6j6BeqC.NpXCfOmdmIzGf3BrmMwfm7bdS5q7yty	True	7
B2467467	Dan	Lambert	(440) 376-0799	dan.lambert@example.com	$2a$12$RwfoAooW.NM6Gj6j6BeqC.NpXCfOmdmIzGf3BrmMwfm7bdS5q7yty	True	1
T1213002	Karen	Slater	(220) 736-8304	karen.slater@example.com	$2a$12$RwfoAooW.NM6Gj6j6BeqC.NpXCfOmdmIzGf3BrmMwfm7bdS5q7yty	False	29
T2397299	Luke	Kerr	(201) 439-9949	luke.kerr@example.com	$2a$12$RwfoAooW.NM6Gj6j6BeqC.NpXCfOmdmIzGf3BrmMwfm7bdS5q7yty	True	28
T7643371	Lucas	Butler	(730) 533-2266	lucas.butler@example.com	$2a$12$RwfoAooW.NM6Gj6j6BeqC.NpXCfOmdmIzGf3BrmMwfm7bdS5q7yty	True	2
B5150470	Gordon	Smith	(570) 771-9237	gordon.smith@example.com	$2a$12$RwfoAooW.NM6Gj6j6BeqC.NpXCfOmdmIzGf3BrmMwfm7bdS5q7yty	True	21
T1155527	Frank	Scott	(385) 482-0110	frank.scott@example.com	$2a$12$RwfoAooW.NM6Gj6j6BeqC.NpXCfOmdmIzGf3BrmMwfm7bdS5q7yty	True	19
B9177790	David	Thomson	(929) 985-3830	david.thomson@example.com	$2a$12$RwfoAooW.NM6Gj6j6BeqC.NpXCfOmdmIzGf3BrmMwfm7bdS5q7yty	False	19
T5929408	Robert	Newman	(409) 559-7270	robert.newman@example.com	$2a$12$RwfoAooW.NM6Gj6j6BeqC.NpXCfOmdmIzGf3BrmMwfm7bdS5q7yty	True	11
B8016799	Jonathan	Wilkins	(915) 704-9014	jonathan.wilkins@example.com	$2a$12$RwfoAooW.NM6Gj6j6BeqC.NpXCfOmdmIzGf3BrmMwfm7bdS5q7yty	True	24
T6514220	Phil	MacLeod	(504) 717-4440	phil.macleod@example.com	$2a$12$RwfoAooW.NM6Gj6j6BeqC.NpXCfOmdmIzGf3BrmMwfm7bdS5q7yty	False	7
T0631299	Sam	Sutherland	(704) 903-9869	sam.sutherland@example.com	$2a$12$RwfoAooW.NM6Gj6j6BeqC.NpXCfOmdmIzGf3BrmMwfm7bdS5q7yty	True	30
B9243981	Max	King	(899) 332-8944	max.king@example.com	$2a$12$RwfoAooW.NM6Gj6j6BeqC.NpXCfOmdmIzGf3BrmMwfm7bdS5q7yty	False	27
T6406665	David	Wallace	(456) 655-0668	david.wallace@example.com	$2a$12$RwfoAooW.NM6Gj6j6BeqC.NpXCfOmdmIzGf3BrmMwfm7bdS5q7yty	False	30
B3969919	Kimberly	Watson	(732) 712-9032	kimberly.watson@example.com	$2a$12$RwfoAooW.NM6Gj6j6BeqC.NpXCfOmdmIzGf3BrmMwfm7bdS5q7yty	True	6
T2743032	Joan	Churchill	(379) 989-7549	joan.churchill@example.com	$2a$12$RwfoAooW.NM6Gj6j6BeqC.NpXCfOmdmIzGf3BrmMwfm7bdS5q7yty	False	2
T9447826	Deirdre	Fraser	(549) 483-6962	deirdre.fraser@example.com	$2a$12$RwfoAooW.NM6Gj6j6BeqC.NpXCfOmdmIzGf3BrmMwfm7bdS5q7yty	False	2
B0141214	Matt	Piper	(576) 309-4545	matt.piper@example.com	$2a$12$RwfoAooW.NM6Gj6j6BeqC.NpXCfOmdmIzGf3BrmMwfm7bdS5q7yty	True	22
T6979868	Peter	Gray	(560) 711-5292	peter.gray@example.com	$2a$12$RwfoAooW.NM6Gj6j6BeqC.NpXCfOmdmIzGf3BrmMwfm7bdS5q7yty	True	15
B9884776	Sophie	Harris	(872) 720-7617	sophie.harris@example.com	$2a$12$RwfoAooW.NM6Gj6j6BeqC.NpXCfOmdmIzGf3BrmMwfm7bdS5q7yty	True	6
B4299685	Sophie	Avery	(946) 378-9319	sophie.avery@example.com	$2a$12$RwfoAooW.NM6Gj6j6BeqC.NpXCfOmdmIzGf3BrmMwfm7bdS5q7yty	False	21
T2702290	Nicholas	Mills	(881) 211-8064	nicholas.mills@example.com	$2a$12$RwfoAooW.NM6Gj6j6BeqC.NpXCfOmdmIzGf3BrmMwfm7bdS5q7yty	True	18
B2597211	Diana	Stewart	(929) 888-3551	diana.stewart@example.com	$2a$12$RwfoAooW.NM6Gj6j6BeqC.NpXCfOmdmIzGf3BrmMwfm7bdS5q7yty	False	14
T3368706	Sue	Tucker	(939) 252-3166	sue.tucker@example.com	$2a$12$RwfoAooW.NM6Gj6j6BeqC.NpXCfOmdmIzGf3BrmMwfm7bdS5q7yty	True	13
B1999311	Victor	Anderson	(530) 283-5756	victor.anderson@example.com	$2a$12$RwfoAooW.NM6Gj6j6BeqC.NpXCfOmdmIzGf3BrmMwfm7bdS5q7yty	False	29
T5596982	Emily	Wallace	(754) 469-6838	emily.wallace@example.com	$2a$12$RwfoAooW.NM6Gj6j6BeqC.NpXCfOmdmIzGf3BrmMwfm7bdS5q7yty	False	0
T3845444	Una	Dyer	(704) 711-4432	una.dyer@example.com	$2a$12$RwfoAooW.NM6Gj6j6BeqC.NpXCfOmdmIzGf3BrmMwfm7bdS5q7yty	False	29
B5461435	Nathan	North	(677) 943-9943	nathan.north@example.com	$2a$12$RwfoAooW.NM6Gj6j6BeqC.NpXCfOmdmIzGf3BrmMwfm7bdS5q7yty	False	28
T4857528	Dan	Baker	(825) 761-8641	dan.baker@example.com	$2a$12$RwfoAooW.NM6Gj6j6BeqC.NpXCfOmdmIzGf3BrmMwfm7bdS5q7yty	False	9
T8792263	Carol	Clark	(703) 338-1593	carol.clark@example.com	$2a$12$RwfoAooW.NM6Gj6j6BeqC.NpXCfOmdmIzGf3BrmMwfm7bdS5q7yty	True	18
B2556859	Kevin	Parr	(509) 908-2937	kevin.parr@example.com	$2a$12$RwfoAooW.NM6Gj6j6BeqC.NpXCfOmdmIzGf3BrmMwfm7bdS5q7yty	False	14
B7998241	Natalie	Edmunds	(545) 840-4132	natalie.edmunds@example.com	$2a$12$RwfoAooW.NM6Gj6j6BeqC.NpXCfOmdmIzGf3BrmMwfm7bdS5q7yty	True	26
T7255211	Victoria	Bower	(854) 726-8086	victoria.bower@example.com	$2a$12$RwfoAooW.NM6Gj6j6BeqC.NpXCfOmdmIzGf3BrmMwfm7bdS5q7yty	True	21
B2455394	Bella	Watson	(300) 350-8896	bella.watson@example.com	$2a$12$RwfoAooW.NM6Gj6j6BeqC.NpXCfOmdmIzGf3BrmMwfm7bdS5q7yty	False	2
B2867453	Stewart	Terry	(946) 737-5548	stewart.terry@example.com	$2a$12$RwfoAooW.NM6Gj6j6BeqC.NpXCfOmdmIzGf3BrmMwfm7bdS5q7yty	False	10
T8307109	Caroline	Bailey	(222) 968-7290	caroline.bailey@example.com	$2a$12$RwfoAooW.NM6Gj6j6BeqC.NpXCfOmdmIzGf3BrmMwfm7bdS5q7yty	False	1
B7617148	Jonathan	Blake	(654) 277-7654	jonathan.blake@example.com	$2a$12$RwfoAooW.NM6Gj6j6BeqC.NpXCfOmdmIzGf3BrmMwfm7bdS5q7yty	True	6
B2345088	Richard	Reid	(452) 227-1827	richard.reid@example.com	$2a$12$RwfoAooW.NM6Gj6j6BeqC.NpXCfOmdmIzGf3BrmMwfm7bdS5q7yty	False	18
B4703131	Michelle	Skinner	(932) 732-5769	michelle.skinner@example.com	$2a$12$RwfoAooW.NM6Gj6j6BeqC.NpXCfOmdmIzGf3BrmMwfm7bdS5q7yty	True	27
B4233931	Peter	Henderson	(619) 535-6390	peter.henderson@example.com	$2a$12$RwfoAooW.NM6Gj6j6BeqC.NpXCfOmdmIzGf3BrmMwfm7bdS5q7yty	True	13
T4470989	Jennifer	Thomson	(474) 794-1932	jennifer.thomson@example.com	$2a$12$RwfoAooW.NM6Gj6j6BeqC.NpXCfOmdmIzGf3BrmMwfm7bdS5q7yty	True	9
B4763087	Claire	McDonald	(298) 895-8723	claire.mcdonald@example.com	$2a$12$RwfoAooW.NM6Gj6j6BeqC.NpXCfOmdmIzGf3BrmMwfm7bdS5q7yty	True	26
B4418979	Deirdre	Wilkins	(713) 224-0761	deirdre.wilkins@example.com	$2a$12$RwfoAooW.NM6Gj6j6BeqC.NpXCfOmdmIzGf3BrmMwfm7bdS5q7yty	True	1
T6355137	Jonathan	Murray	(886) 584-5097	jonathan.murray@example.com	$2a$12$RwfoAooW.NM6Gj6j6BeqC.NpXCfOmdmIzGf3BrmMwfm7bdS5q7yty	True	11
B4141702	Jessica	Peters	(791) 206-1350	jessica.peters@example.com	$2a$12$RwfoAooW.NM6Gj6j6BeqC.NpXCfOmdmIzGf3BrmMwfm7bdS5q7yty	True	4
B7364437	Warren	Roberts	(430) 369-7903	warren.roberts@example.com	$2a$12$RwfoAooW.NM6Gj6j6BeqC.NpXCfOmdmIzGf3BrmMwfm7bdS5q7yty	True	17
T7336699	Carolyn	Nolan	(610) 504-2920	carolyn.nolan@example.com	$2a$12$RwfoAooW.NM6Gj6j6BeqC.NpXCfOmdmIzGf3BrmMwfm7bdS5q7yty	False	21
B8959511	Victor	Campbell	(839) 834-2646	victor.campbell@example.com	$2a$12$RwfoAooW.NM6Gj6j6BeqC.NpXCfOmdmIzGf3BrmMwfm7bdS5q7yty	True	29
B3077130	Owen	Mackay	(463) 473-8822	owen.mackay@example.com	$2a$12$RwfoAooW.NM6Gj6j6BeqC.NpXCfOmdmIzGf3BrmMwfm7bdS5q7yty	True	19
T7823941	Justin	Metcalfe	(933) 951-1975	justin.metcalfe@example.com	$2a$12$RwfoAooW.NM6Gj6j6BeqC.NpXCfOmdmIzGf3BrmMwfm7bdS5q7yty	False	6
T2002293	Lauren	Rampling	(790) 397-4775	lauren.rampling@example.com	$2a$12$RwfoAooW.NM6Gj6j6BeqC.NpXCfOmdmIzGf3BrmMwfm7bdS5q7yty	False	12
T8957225	Michelle	Sutherland	(963) 470-9398	michelle.sutherland@example.com	$2a$12$RwfoAooW.NM6Gj6j6BeqC.NpXCfOmdmIzGf3BrmMwfm7bdS5q7yty	True	23
B5269194	Lillian	Vaughan	(563) 711-6052	lillian.vaughan@example.com	$2a$12$RwfoAooW.NM6Gj6j6BeqC.NpXCfOmdmIzGf3BrmMwfm7bdS5q7yty	True	14
B2411472	Peter	Hart	(290) 602-4889	peter.hart@example.com	$2a$12$RwfoAooW.NM6Gj6j6BeqC.NpXCfOmdmIzGf3BrmMwfm7bdS5q7yty	True	20
B5783061	Ruth	Payne	(996) 233-7201	ruth.payne@example.com	$2a$12$RwfoAooW.NM6Gj6j6BeqC.NpXCfOmdmIzGf3BrmMwfm7bdS5q7yty	True	19
T9053783	Ruth	Mitchell	(630) 692-2062	ruth.mitchell@example.com	$2a$12$RwfoAooW.NM6Gj6j6BeqC.NpXCfOmdmIzGf3BrmMwfm7bdS5q7yty	True	22
B9010004	Gavin	Ferguson	(486) 661-9618	gavin.ferguson@example.com	$2a$12$RwfoAooW.NM6Gj6j6BeqC.NpXCfOmdmIzGf3BrmMwfm7bdS5q7yty	False	25
B3743824	Luke	Hill	(393) 309-9494	luke.hill@example.com	$2a$12$RwfoAooW.NM6Gj6j6BeqC.NpXCfOmdmIzGf3BrmMwfm7bdS5q7yty	True	19
T2554003	Jan	Martin	(637) 959-9347	jan.martin@example.com	$2a$12$RwfoAooW.NM6Gj6j6BeqC.NpXCfOmdmIzGf3BrmMwfm7bdS5q7yty	False	13
T5417078	Alan	Dowd	(544) 557-4745	alan.dowd@example.com	$2a$12$RwfoAooW.NM6Gj6j6BeqC.NpXCfOmdmIzGf3BrmMwfm7bdS5q7yty	True	6
B8395165	James	Piper	(880) 620-3298	james.piper@example.com	$2a$12$RwfoAooW.NM6Gj6j6BeqC.NpXCfOmdmIzGf3BrmMwfm7bdS5q7yty	True	12
B9935895	Jacob	Springer	(947) 774-1249	jacob.springer@example.com	$2a$12$RwfoAooW.NM6Gj6j6BeqC.NpXCfOmdmIzGf3BrmMwfm7bdS5q7yty	False	29
T2895682	Michael	Jones	(394) 378-5115	michael.jones@example.com	$2a$12$RwfoAooW.NM6Gj6j6BeqC.NpXCfOmdmIzGf3BrmMwfm7bdS5q7yty	True	27
T1969907	Richard	Hudson	(393) 305-2203	richard.hudson@example.com	$2a$12$RwfoAooW.NM6Gj6j6BeqC.NpXCfOmdmIzGf3BrmMwfm7bdS5q7yty	True	30
B5772334	Ruth	Brown	(392) 709-1704	ruth.brown@example.com	$2a$12$RwfoAooW.NM6Gj6j6BeqC.NpXCfOmdmIzGf3BrmMwfm7bdS5q7yty	False	30
T7504983	Steven	Ferguson	(478) 364-9880	steven.ferguson@example.com	$2a$12$RwfoAooW.NM6Gj6j6BeqC.NpXCfOmdmIzGf3BrmMwfm7bdS5q7yty	False	23
B0372695	Kylie	Fraser	(368) 418-4397	kylie.fraser@example.com	$2a$12$RwfoAooW.NM6Gj6j6BeqC.NpXCfOmdmIzGf3BrmMwfm7bdS5q7yty	False	16
B1414435	Neil	Ince	(767) 737-6257	neil.ince@example.com	$2a$12$RwfoAooW.NM6Gj6j6BeqC.NpXCfOmdmIzGf3BrmMwfm7bdS5q7yty	False	9
T0173502	Evan	Lewis	(926) 204-2873	evan.lewis@example.com	$2a$12$RwfoAooW.NM6Gj6j6BeqC.NpXCfOmdmIzGf3BrmMwfm7bdS5q7yty	False	14
T9384716	Victoria	Manning	(551) 897-8060	victoria.manning@example.com	$2a$12$RwfoAooW.NM6Gj6j6BeqC.NpXCfOmdmIzGf3BrmMwfm7bdS5q7yty	False	23
B6507143	Alexandra	Morrison	(607) 378-8678	alexandra.morrison@example.com	$2a$12$RwfoAooW.NM6Gj6j6BeqC.NpXCfOmdmIzGf3BrmMwfm7bdS5q7yty	True	30
B5851069	Boris	Gibson	(398) 391-9734	boris.gibson@example.com	$2a$12$RwfoAooW.NM6Gj6j6BeqC.NpXCfOmdmIzGf3BrmMwfm7bdS5q7yty	False	16
B7721283	Tim	Graham	(593) 958-1844	tim.graham@example.com	$2a$12$RwfoAooW.NM6Gj6j6BeqC.NpXCfOmdmIzGf3BrmMwfm7bdS5q7yty	True	8
B4045010	Dan	Burgess	(956) 620-4437	dan.burgess@example.com	$2a$12$RwfoAooW.NM6Gj6j6BeqC.NpXCfOmdmIzGf3BrmMwfm7bdS5q7yty	False	3
B9672626	Jason	Underwood	(251) 485-1750	jason.underwood@example.com	$2a$12$RwfoAooW.NM6Gj6j6BeqC.NpXCfOmdmIzGf3BrmMwfm7bdS5q7yty	False	15
B6951701	Charles	Buckland	(940) 423-2769	charles.buckland@example.com	$2a$12$RwfoAooW.NM6Gj6j6BeqC.NpXCfOmdmIzGf3BrmMwfm7bdS5q7yty	False	21
T8439477	Kevin	Morrison	(960) 338-0633	kevin.morrison@example.com	$2a$12$RwfoAooW.NM6Gj6j6BeqC.NpXCfOmdmIzGf3BrmMwfm7bdS5q7yty	False	4
T1398617	Joe	Reid	(262) 517-3213	joe.reid@example.com	$2a$12$RwfoAooW.NM6Gj6j6BeqC.NpXCfOmdmIzGf3BrmMwfm7bdS5q7yty	False	0
B3832567	Katherine	Smith	(371) 850-9892	katherine.smith@example.com	$2a$12$RwfoAooW.NM6Gj6j6BeqC.NpXCfOmdmIzGf3BrmMwfm7bdS5q7yty	True	12
B5331894	Trevor	Peake	(394) 802-3727	trevor.peake@example.com	$2a$12$RwfoAooW.NM6Gj6j6BeqC.NpXCfOmdmIzGf3BrmMwfm7bdS5q7yty	False	25
T7970706	Justin	Powell	(846) 402-9708	justin.powell@example.com	$2a$12$RwfoAooW.NM6Gj6j6BeqC.NpXCfOmdmIzGf3BrmMwfm7bdS5q7yty	True	7
T8392687	Jonathan	Slater	(299) 555-3156	jonathan.slater@example.com	$2a$12$RwfoAooW.NM6Gj6j6BeqC.NpXCfOmdmIzGf3BrmMwfm7bdS5q7yty	False	6
B6301369	Wendy	Berry	(252) 455-3889	wendy.berry@example.com	$2a$12$RwfoAooW.NM6Gj6j6BeqC.NpXCfOmdmIzGf3BrmMwfm7bdS5q7yty	False	12
T2220139	Sally	James	(966) 424-2275	sally.james@example.com	$2a$12$RwfoAooW.NM6Gj6j6BeqC.NpXCfOmdmIzGf3BrmMwfm7bdS5q7yty	False	27
T7485370	Connor	Vaughan	(423) 737-0037	connor.vaughan@example.com	$2a$12$RwfoAooW.NM6Gj6j6BeqC.NpXCfOmdmIzGf3BrmMwfm7bdS5q7yty	True	22
T5684303	Tim	Russell	(780) 954-1613	tim.russell@example.com	$2a$12$RwfoAooW.NM6Gj6j6BeqC.NpXCfOmdmIzGf3BrmMwfm7bdS5q7yty	False	16
B5103260	Victor	Bell	(383) 328-5559	victor.bell@example.com	$2a$12$RwfoAooW.NM6Gj6j6BeqC.NpXCfOmdmIzGf3BrmMwfm7bdS5q7yty	True	25
T8968223	Blake	Ferguson	(814) 648-6842	blake.ferguson@example.com	$2a$12$RwfoAooW.NM6Gj6j6BeqC.NpXCfOmdmIzGf3BrmMwfm7bdS5q7yty	True	12
B5861265	Ruth	Manning	(404) 231-0171	ruth.manning@example.com	$2a$12$RwfoAooW.NM6Gj6j6BeqC.NpXCfOmdmIzGf3BrmMwfm7bdS5q7yty	True	24
B1268583	Victor	Smith	(812) 684-3460	victor.smith@example.com	$2a$12$RwfoAooW.NM6Gj6j6BeqC.NpXCfOmdmIzGf3BrmMwfm7bdS5q7yty	False	24
